Data_file_name,Column_name,Shapefile_name,Unit_count,Subject_population,Year,Measure,Variable1,Variable1_category,Field_name_alias
2023 Census totals by topic for individuals by statistical area 2 (SA2) - part 1,SA22023_V1_00,SA22023_V1,,,,,Usual residence - Statistical area 2,Code,Statistical area 2 (SA2) 2023 code
2023 Census totals by topic for individuals by statistical area 2 (SA2) - part 1,SA22023_V1_00_NAME,SA22023__1,,,,,Usual residence - Statistical area 2,Name,Statistical area 2 (SA2) 2023 name
2023 Census totals by topic for individuals by statistical area 2 (SA2) - part 1,SA22023_V1_00_NAME_ASCII,SA22023__2,,,,,Usual residence - Statistical area 2,ASCII name,Statistical area 2 (SA2) 2023 name no macrons
2023 Census totals by topic for individuals by statistical area 2 (SA2) - part 1,VAR_1_1,VAR_1_1,Individual,Census usually resident population count,2013,Count,Census usually resident population count,Total,"Subject pop: Census usually resident population count, Year: 2013, Measure: Count, Var1: Census usually resident population count (Total)"
2023 Census totals by topic for individuals by statistical area 2 (SA2) - part 1,VAR_1_2,VAR_1_2,Individual,Census usually resident population count,2018,Count,Census usually resident population count,Total,"Subject pop: Census usually resident population count, Year: 2018, Measure: Count, Var1: Census usually resident population count (Total)"
2023 Census totals by topic for individuals by statistical area 2 (SA2) - part 1,VAR_1_3,VAR_1_3,Individual,Census usually resident population count,2023,Count,Census usually resident population count,Total,"Subject pop: Census usually resident population count, Year: 2023, Measure: Count, Var1: Census usually resident population count (Total)"
2023 Census totals by topic for individuals by statistical area 2 (SA2) - part 1,VAR_1_4,VAR_1_4,Individual,Census night population count,2013,Count,Census night population count,Total,"Subject pop: Census night population count, Year: 2013, Measure: Count, Var1: Census night population count (Total)"
2023 Census totals by topic for individuals by statistical area 2 (SA2) - part 1,VAR_1_5,VAR_1_5,Individual,Census night population count,2018,Count,Census night population count,Total,"Subject pop: Census night population count, Year: 2018, Measure: Count, Var1: Census night population count (Total)"
2023 Census totals by topic for individuals by statistical area 2 (SA2) - part 1,VAR_1_6,VAR_1_6,Individual,Census night population count,2023,Count,Census night population count,Total,"Subject pop: Census night population count, Year: 2023, Measure: Count, Var1: Census night population count (Total)"
2023 Census totals by topic for individuals by statistical area 2 (SA2) - part 1,VAR_1_7,VAR_1_7,Individual,Census usually resident population count,2013,Count,Age (5-year groups),0-4 years,"Subject pop: Census usually resident population count, Year: 2013, Measure: Count, Var1: Age (5-year groups - 0-4 years)"
2023 Census totals by topic for individuals by statistical area 2 (SA2) - part 1,VAR_1_8,VAR_1_8,Individual,Census usually resident population count,2013,Count,Age (5-year groups),5-9 years,"Subject pop: Census usually resident population count, Year: 2013, Measure: Count, Var1: Age (5-year groups - 5-9 years)"
2023 Census totals by topic for individuals by statistical area 2 (SA2) - part 1,VAR_1_9,VAR_1_9,Individual,Census usually resident population count,2013,Count,Age (5-year groups),10-14 years,"Subject pop: Census usually resident population count, Year: 2013, Measure: Count, Var1: Age (5-year groups - 10-14 years)"
2023 Census totals by topic for individuals by statistical area 2 (SA2) - part 1,VAR_1_10,VAR_1_10,Individual,Census usually resident population count,2013,Count,Age (5-year groups),15-19 years,"Subject pop: Census usually resident population count, Year: 2013, Measure: Count, Var1: Age (5-year groups - 15-19 years)"
2023 Census totals by topic for individuals by statistical area 2 (SA2) - part 1,VAR_1_11,VAR_1_11,Individual,Census usually resident population count,2013,Count,Age (5-year groups),20-24 years,"Subject pop: Census usually resident population count, Year: 2013, Measure: Count, Var1: Age (5-year groups - 20-24 years)"
2023 Census totals by topic for individuals by statistical area 2 (SA2) - part 1,VAR_1_12,VAR_1_12,Individual,Census usually resident population count,2013,Count,Age (5-year groups),25-29 years,"Subject pop: Census usually resident population count, Year: 2013, Measure: Count, Var1: Age (5-year groups - 25-29 years)"
2023 Census totals by topic for individuals by statistical area 2 (SA2) - part 1,VAR_1_13,VAR_1_13,Individual,Census usually resident population count,2013,Count,Age (5-year groups),30-34 years,"Subject pop: Census usually resident population count, Year: 2013, Measure: Count, Var1: Age (5-year groups - 30-34 years)"
2023 Census totals by topic for individuals by statistical area 2 (SA2) - part 1,VAR_1_14,VAR_1_14,Individual,Census usually resident population count,2013,Count,Age (5-year groups),35-39 years,"Subject pop: Census usually resident population count, Year: 2013, Measure: Count, Var1: Age (5-year groups - 35-39 years)"
2023 Census totals by topic for individuals by statistical area 2 (SA2) - part 1,VAR_1_15,VAR_1_15,Individual,Census usually resident population count,2013,Count,Age (5-year groups),40-44 years,"Subject pop: Census usually resident population count, Year: 2013, Measure: Count, Var1: Age (5-year groups - 40-44 years)"
2023 Census totals by topic for individuals by statistical area 2 (SA2) - part 1,VAR_1_16,VAR_1_16,Individual,Census usually resident population count,2013,Count,Age (5-year groups),45-49 years,"Subject pop: Census usually resident population count, Year: 2013, Measure: Count, Var1: Age (5-year groups - 45-49 years)"
2023 Census totals by topic for individuals by statistical area 2 (SA2) - part 1,VAR_1_17,VAR_1_17,Individual,Census usually resident population count,2013,Count,Age (5-year groups),50-54 years,"Subject pop: Census usually resident population count, Year: 2013, Measure: Count, Var1: Age (5-year groups - 50-54 years)"
2023 Census totals by topic for individuals by statistical area 2 (SA2) - part 1,VAR_1_18,VAR_1_18,Individual,Census usually resident population count,2013,Count,Age (5-year groups),55-59 years,"Subject pop: Census usually resident population count, Year: 2013, Measure: Count, Var1: Age (5-year groups - 55-59 years)"
2023 Census totals by topic for individuals by statistical area 2 (SA2) - part 1,VAR_1_19,VAR_1_19,Individual,Census usually resident population count,2013,Count,Age (5-year groups),60-64 years,"Subject pop: Census usually resident population count, Year: 2013, Measure: Count, Var1: Age (5-year groups - 60-64 years)"
2023 Census totals by topic for individuals by statistical area 2 (SA2) - part 1,VAR_1_20,VAR_1_20,Individual,Census usually resident population count,2013,Count,Age (5-year groups),65-69 years,"Subject pop: Census usually resident population count, Year: 2013, Measure: Count, Var1: Age (5-year groups - 65-69 years)"
2023 Census totals by topic for individuals by statistical area 2 (SA2) - part 1,VAR_1_21,VAR_1_21,Individual,Census usually resident population count,2013,Count,Age (5-year groups),70-74 years,"Subject pop: Census usually resident population count, Year: 2013, Measure: Count, Var1: Age (5-year groups - 70-74 years)"
2023 Census totals by topic for individuals by statistical area 2 (SA2) - part 1,VAR_1_22,VAR_1_22,Individual,Census usually resident population count,2013,Count,Age (5-year groups),75-79 years,"Subject pop: Census usually resident population count, Year: 2013, Measure: Count, Var1: Age (5-year groups - 75-79 years)"
2023 Census totals by topic for individuals by statistical area 2 (SA2) - part 1,VAR_1_23,VAR_1_23,Individual,Census usually resident population count,2013,Count,Age (5-year groups),80-84 years,"Subject pop: Census usually resident population count, Year: 2013, Measure: Count, Var1: Age (5-year groups - 80-84 years)"
2023 Census totals by topic for individuals by statistical area 2 (SA2) - part 1,VAR_1_24,VAR_1_24,Individual,Census usually resident population count,2013,Count,Age (5-year groups),85-89 years,"Subject pop: Census usually resident population count, Year: 2013, Measure: Count, Var1: Age (5-year groups - 85-89 years)"
2023 Census totals by topic for individuals by statistical area 2 (SA2) - part 1,VAR_1_25,VAR_1_25,Individual,Census usually resident population count,2013,Count,Age (5-year groups),90 years and over,"Subject pop: Census usually resident population count, Year: 2013, Measure: Count, Var1: Age (5-year groups - 90 years and over)"
2023 Census totals by topic for individuals by statistical area 2 (SA2) - part 1,VAR_1_26,VAR_1_26,Individual,Census usually resident population count,2013,Count,Age (5-year groups),Total,"Subject pop: Census usually resident population count, Year: 2013, Measure: Count, Var1: Age (5-year groups - Total)"
2023 Census totals by topic for individuals by statistical area 2 (SA2) - part 1,VAR_1_27,VAR_1_27,Individual,Census usually resident population count,2013,Median,Age,Median,"Subject pop: Census usually resident population count, Year: 2013, Measure: Median, Var1: Age (Median)"
2023 Census totals by topic for individuals by statistical area 2 (SA2) - part 1,VAR_1_28,VAR_1_28,Individual,Census usually resident population count,2018,Count,Age (5-year groups),0-4 years,"Subject pop: Census usually resident population count, Year: 2018, Measure: Count, Var1: Age (5-year groups - 0-4 years)"
2023 Census totals by topic for individuals by statistical area 2 (SA2) - part 1,VAR_1_29,VAR_1_29,Individual,Census usually resident population count,2018,Count,Age (5-year groups),5-9 years,"Subject pop: Census usually resident population count, Year: 2018, Measure: Count, Var1: Age (5-year groups - 5-9 years)"
2023 Census totals by topic for individuals by statistical area 2 (SA2) - part 1,VAR_1_30,VAR_1_30,Individual,Census usually resident population count,2018,Count,Age (5-year groups),10-14 years,"Subject pop: Census usually resident population count, Year: 2018, Measure: Count, Var1: Age (5-year groups - 10-14 years)"
2023 Census totals by topic for individuals by statistical area 2 (SA2) - part 1,VAR_1_31,VAR_1_31,Individual,Census usually resident population count,2018,Count,Age (5-year groups),15-19 years,"Subject pop: Census usually resident population count, Year: 2018, Measure: Count, Var1: Age (5-year groups - 15-19 years)"
2023 Census totals by topic for individuals by statistical area 2 (SA2) - part 1,VAR_1_32,VAR_1_32,Individual,Census usually resident population count,2018,Count,Age (5-year groups),20-24 years,"Subject pop: Census usually resident population count, Year: 2018, Measure: Count, Var1: Age (5-year groups - 20-24 years)"
2023 Census totals by topic for individuals by statistical area 2 (SA2) - part 1,VAR_1_33,VAR_1_33,Individual,Census usually resident population count,2018,Count,Age (5-year groups),25-29 years,"Subject pop: Census usually resident population count, Year: 2018, Measure: Count, Var1: Age (5-year groups - 25-29 years)"
2023 Census totals by topic for individuals by statistical area 2 (SA2) - part 1,VAR_1_34,VAR_1_34,Individual,Census usually resident population count,2018,Count,Age (5-year groups),30-34 years,"Subject pop: Census usually resident population count, Year: 2018, Measure: Count, Var1: Age (5-year groups - 30-34 years)"
2023 Census totals by topic for individuals by statistical area 2 (SA2) - part 1,VAR_1_35,VAR_1_35,Individual,Census usually resident population count,2018,Count,Age (5-year groups),35-39 years,"Subject pop: Census usually resident population count, Year: 2018, Measure: Count, Var1: Age (5-year groups - 35-39 years)"
2023 Census totals by topic for individuals by statistical area 2 (SA2) - part 1,VAR_1_36,VAR_1_36,Individual,Census usually resident population count,2018,Count,Age (5-year groups),40-44 years,"Subject pop: Census usually resident population count, Year: 2018, Measure: Count, Var1: Age (5-year groups - 40-44 years)"
2023 Census totals by topic for individuals by statistical area 2 (SA2) - part 1,VAR_1_37,VAR_1_37,Individual,Census usually resident population count,2018,Count,Age (5-year groups),45-49 years,"Subject pop: Census usually resident population count, Year: 2018, Measure: Count, Var1: Age (5-year groups - 45-49 years)"
2023 Census totals by topic for individuals by statistical area 2 (SA2) - part 1,VAR_1_38,VAR_1_38,Individual,Census usually resident population count,2018,Count,Age (5-year groups),50-54 years,"Subject pop: Census usually resident population count, Year: 2018, Measure: Count, Var1: Age (5-year groups - 50-54 years)"
2023 Census totals by topic for individuals by statistical area 2 (SA2) - part 1,VAR_1_39,VAR_1_39,Individual,Census usually resident population count,2018,Count,Age (5-year groups),55-59 years,"Subject pop: Census usually resident population count, Year: 2018, Measure: Count, Var1: Age (5-year groups - 55-59 years)"
2023 Census totals by topic for individuals by statistical area 2 (SA2) - part 1,VAR_1_40,VAR_1_40,Individual,Census usually resident population count,2018,Count,Age (5-year groups),60-64 years,"Subject pop: Census usually resident population count, Year: 2018, Measure: Count, Var1: Age (5-year groups - 60-64 years)"
2023 Census totals by topic for individuals by statistical area 2 (SA2) - part 1,VAR_1_41,VAR_1_41,Individual,Census usually resident population count,2018,Count,Age (5-year groups),65-69 years,"Subject pop: Census usually resident population count, Year: 2018, Measure: Count, Var1: Age (5-year groups - 65-69 years)"
2023 Census totals by topic for individuals by statistical area 2 (SA2) - part 1,VAR_1_42,VAR_1_42,Individual,Census usually resident population count,2018,Count,Age (5-year groups),70-74 years,"Subject pop: Census usually resident population count, Year: 2018, Measure: Count, Var1: Age (5-year groups - 70-74 years)"
2023 Census totals by topic for individuals by statistical area 2 (SA2) - part 1,VAR_1_43,VAR_1_43,Individual,Census usually resident population count,2018,Count,Age (5-year groups),75-79 years,"Subject pop: Census usually resident population count, Year: 2018, Measure: Count, Var1: Age (5-year groups - 75-79 years)"
2023 Census totals by topic for individuals by statistical area 2 (SA2) - part 1,VAR_1_44,VAR_1_44,Individual,Census usually resident population count,2018,Count,Age (5-year groups),80-84 years,"Subject pop: Census usually resident population count, Year: 2018, Measure: Count, Var1: Age (5-year groups - 80-84 years)"
2023 Census totals by topic for individuals by statistical area 2 (SA2) - part 1,VAR_1_45,VAR_1_45,Individual,Census usually resident population count,2018,Count,Age (5-year groups),85-89 years,"Subject pop: Census usually resident population count, Year: 2018, Measure: Count, Var1: Age (5-year groups - 85-89 years)"
2023 Census totals by topic for individuals by statistical area 2 (SA2) - part 1,VAR_1_46,VAR_1_46,Individual,Census usually resident population count,2018,Count,Age (5-year groups),90 years and over,"Subject pop: Census usually resident population count, Year: 2018, Measure: Count, Var1: Age (5-year groups - 90 years and over)"
2023 Census totals by topic for individuals by statistical area 2 (SA2) - part 1,VAR_1_47,VAR_1_47,Individual,Census usually resident population count,2018,Count,Age (5-year groups),Total,"Subject pop: Census usually resident population count, Year: 2018, Measure: Count, Var1: Age (5-year groups - Total)"
2023 Census totals by topic for individuals by statistical area 2 (SA2) - part 1,VAR_1_48,VAR_1_48,Individual,Census usually resident population count,2018,Median,Age,Median,"Subject pop: Census usually resident population count, Year: 2018, Measure: Median, Var1: Age (Median)"
2023 Census totals by topic for individuals by statistical area 2 (SA2) - part 1,VAR_1_49,VAR_1_49,Individual,Census usually resident population count,2023,Count,Age (5-year groups),0-4 years,"Subject pop: Census usually resident population count, Year: 2023, Measure: Count, Var1: Age (5-year groups - 0-4 years)"
2023 Census totals by topic for individuals by statistical area 2 (SA2) - part 1,VAR_1_50,VAR_1_50,Individual,Census usually resident population count,2023,Count,Age (5-year groups),5-9 years,"Subject pop: Census usually resident population count, Year: 2023, Measure: Count, Var1: Age (5-year groups - 5-9 years)"
2023 Census totals by topic for individuals by statistical area 2 (SA2) - part 1,VAR_1_51,VAR_1_51,Individual,Census usually resident population count,2023,Count,Age (5-year groups),10-14 years,"Subject pop: Census usually resident population count, Year: 2023, Measure: Count, Var1: Age (5-year groups - 10-14 years)"
2023 Census totals by topic for individuals by statistical area 2 (SA2) - part 1,VAR_1_52,VAR_1_52,Individual,Census usually resident population count,2023,Count,Age (5-year groups),15-19 years,"Subject pop: Census usually resident population count, Year: 2023, Measure: Count, Var1: Age (5-year groups - 15-19 years)"
2023 Census totals by topic for individuals by statistical area 2 (SA2) - part 1,VAR_1_53,VAR_1_53,Individual,Census usually resident population count,2023,Count,Age (5-year groups),20-24 years,"Subject pop: Census usually resident population count, Year: 2023, Measure: Count, Var1: Age (5-year groups - 20-24 years)"
2023 Census totals by topic for individuals by statistical area 2 (SA2) - part 1,VAR_1_54,VAR_1_54,Individual,Census usually resident population count,2023,Count,Age (5-year groups),25-29 years,"Subject pop: Census usually resident population count, Year: 2023, Measure: Count, Var1: Age (5-year groups - 25-29 years)"
2023 Census totals by topic for individuals by statistical area 2 (SA2) - part 1,VAR_1_55,VAR_1_55,Individual,Census usually resident population count,2023,Count,Age (5-year groups),30-34 years,"Subject pop: Census usually resident population count, Year: 2023, Measure: Count, Var1: Age (5-year groups - 30-34 years)"
2023 Census totals by topic for individuals by statistical area 2 (SA2) - part 1,VAR_1_56,VAR_1_56,Individual,Census usually resident population count,2023,Count,Age (5-year groups),35-39 years,"Subject pop: Census usually resident population count, Year: 2023, Measure: Count, Var1: Age (5-year groups - 35-39 years)"
2023 Census totals by topic for individuals by statistical area 2 (SA2) - part 1,VAR_1_57,VAR_1_57,Individual,Census usually resident population count,2023,Count,Age (5-year groups),40-44 years,"Subject pop: Census usually resident population count, Year: 2023, Measure: Count, Var1: Age (5-year groups - 40-44 years)"
2023 Census totals by topic for individuals by statistical area 2 (SA2) - part 1,VAR_1_58,VAR_1_58,Individual,Census usually resident population count,2023,Count,Age (5-year groups),45-49 years,"Subject pop: Census usually resident population count, Year: 2023, Measure: Count, Var1: Age (5-year groups - 45-49 years)"
2023 Census totals by topic for individuals by statistical area 2 (SA2) - part 1,VAR_1_59,VAR_1_59,Individual,Census usually resident population count,2023,Count,Age (5-year groups),50-54 years,"Subject pop: Census usually resident population count, Year: 2023, Measure: Count, Var1: Age (5-year groups - 50-54 years)"
2023 Census totals by topic for individuals by statistical area 2 (SA2) - part 1,VAR_1_60,VAR_1_60,Individual,Census usually resident population count,2023,Count,Age (5-year groups),55-59 years,"Subject pop: Census usually resident population count, Year: 2023, Measure: Count, Var1: Age (5-year groups - 55-59 years)"
2023 Census totals by topic for individuals by statistical area 2 (SA2) - part 1,VAR_1_61,VAR_1_61,Individual,Census usually resident population count,2023,Count,Age (5-year groups),60-64 years,"Subject pop: Census usually resident population count, Year: 2023, Measure: Count, Var1: Age (5-year groups - 60-64 years)"
2023 Census totals by topic for individuals by statistical area 2 (SA2) - part 1,VAR_1_62,VAR_1_62,Individual,Census usually resident population count,2023,Count,Age (5-year groups),65-69 years,"Subject pop: Census usually resident population count, Year: 2023, Measure: Count, Var1: Age (5-year groups - 65-69 years)"
2023 Census totals by topic for individuals by statistical area 2 (SA2) - part 1,VAR_1_63,VAR_1_63,Individual,Census usually resident population count,2023,Count,Age (5-year groups),70-74 years,"Subject pop: Census usually resident population count, Year: 2023, Measure: Count, Var1: Age (5-year groups - 70-74 years)"
2023 Census totals by topic for individuals by statistical area 2 (SA2) - part 1,VAR_1_64,VAR_1_64,Individual,Census usually resident population count,2023,Count,Age (5-year groups),75-79 years,"Subject pop: Census usually resident population count, Year: 2023, Measure: Count, Var1: Age (5-year groups - 75-79 years)"
2023 Census totals by topic for individuals by statistical area 2 (SA2) - part 1,VAR_1_65,VAR_1_65,Individual,Census usually resident population count,2023,Count,Age (5-year groups),80-84 years,"Subject pop: Census usually resident population count, Year: 2023, Measure: Count, Var1: Age (5-year groups - 80-84 years)"
2023 Census totals by topic for individuals by statistical area 2 (SA2) - part 1,VAR_1_66,VAR_1_66,Individual,Census usually resident population count,2023,Count,Age (5-year groups),85-89 years,"Subject pop: Census usually resident population count, Year: 2023, Measure: Count, Var1: Age (5-year groups - 85-89 years)"
2023 Census totals by topic for individuals by statistical area 2 (SA2) - part 1,VAR_1_67,VAR_1_67,Individual,Census usually resident population count,2023,Count,Age (5-year groups),90 years and over,"Subject pop: Census usually resident population count, Year: 2023, Measure: Count, Var1: Age (5-year groups - 90 years and over)"
2023 Census totals by topic for individuals by statistical area 2 (SA2) - part 1,VAR_1_68,VAR_1_68,Individual,Census usually resident population count,2023,Count,Age (5-year groups),Total,"Subject pop: Census usually resident population count, Year: 2023, Measure: Count, Var1: Age (5-year groups - Total)"
2023 Census totals by topic for individuals by statistical area 2 (SA2) - part 1,VAR_1_69,VAR_1_69,Individual,Census usually resident population count,2023,Median,Age,Median,"Subject pop: Census usually resident population count, Year: 2023, Measure: Median, Var1: Age (Median)"
2023 Census totals by topic for individuals by statistical area 2 (SA2) - part 1,VAR_1_70,VAR_1_70,Individual,Census usually resident population count,2013,Count,Age (life cycle groups),Under 15 years,"Subject pop: Census usually resident population count, Year: 2013, Measure: Count, Var1: Age (life cycle groups - Under 15 years)"
2023 Census totals by topic for individuals by statistical area 2 (SA2) - part 1,VAR_1_71,VAR_1_71,Individual,Census usually resident population count,2013,Count,Age (life cycle groups),15-29 years,"Subject pop: Census usually resident population count, Year: 2013, Measure: Count, Var1: Age (life cycle groups - 15-29 years)"
2023 Census totals by topic for individuals by statistical area 2 (SA2) - part 1,VAR_1_72,VAR_1_72,Individual,Census usually resident population count,2013,Count,Age (life cycle groups),30-64 years,"Subject pop: Census usually resident population count, Year: 2013, Measure: Count, Var1: Age (life cycle groups - 30-64 years)"
2023 Census totals by topic for individuals by statistical area 2 (SA2) - part 1,VAR_1_73,VAR_1_73,Individual,Census usually resident population count,2013,Count,Age (life cycle groups),65 years and over,"Subject pop: Census usually resident population count, Year: 2013, Measure: Count, Var1: Age (life cycle groups - 65 years and over)"
2023 Census totals by topic for individuals by statistical area 2 (SA2) - part 1,VAR_1_74,VAR_1_74,Individual,Census usually resident population count,2013,Count,Age (life cycle groups),Total,"Subject pop: Census usually resident population count, Year: 2013, Measure: Count, Var1: Age (life cycle groups - Total)"
2023 Census totals by topic for individuals by statistical area 2 (SA2) - part 1,VAR_1_75,VAR_1_75,Individual,Census usually resident population count,2018,Count,Age (life cycle groups),Under 15 years,"Subject pop: Census usually resident population count, Year: 2018, Measure: Count, Var1: Age (life cycle groups - Under 15 years)"
2023 Census totals by topic for individuals by statistical area 2 (SA2) - part 1,VAR_1_76,VAR_1_76,Individual,Census usually resident population count,2018,Count,Age (life cycle groups),15-29 years,"Subject pop: Census usually resident population count, Year: 2018, Measure: Count, Var1: Age (life cycle groups - 15-29 years)"
2023 Census totals by topic for individuals by statistical area 2 (SA2) - part 1,VAR_1_77,VAR_1_77,Individual,Census usually resident population count,2018,Count,Age (life cycle groups),30-64 years,"Subject pop: Census usually resident population count, Year: 2018, Measure: Count, Var1: Age (life cycle groups - 30-64 years)"
2023 Census totals by topic for individuals by statistical area 2 (SA2) - part 1,VAR_1_78,VAR_1_78,Individual,Census usually resident population count,2018,Count,Age (life cycle groups),65 years and over,"Subject pop: Census usually resident population count, Year: 2018, Measure: Count, Var1: Age (life cycle groups - 65 years and over)"
2023 Census totals by topic for individuals by statistical area 2 (SA2) - part 1,VAR_1_79,VAR_1_79,Individual,Census usually resident population count,2018,Count,Age (life cycle groups),Total,"Subject pop: Census usually resident population count, Year: 2018, Measure: Count, Var1: Age (life cycle groups - Total)"
2023 Census totals by topic for individuals by statistical area 2 (SA2) - part 1,VAR_1_80,VAR_1_80,Individual,Census usually resident population count,2023,Count,Age (life cycle groups),Under 15 years,"Subject pop: Census usually resident population count, Year: 2023, Measure: Count, Var1: Age (life cycle groups - Under 15 years)"
2023 Census totals by topic for individuals by statistical area 2 (SA2) - part 1,VAR_1_81,VAR_1_81,Individual,Census usually resident population count,2023,Count,Age (life cycle groups),15-29 years,"Subject pop: Census usually resident population count, Year: 2023, Measure: Count, Var1: Age (life cycle groups - 15-29 years)"
2023 Census totals by topic for individuals by statistical area 2 (SA2) - part 1,VAR_1_82,VAR_1_82,Individual,Census usually resident population count,2023,Count,Age (life cycle groups),30-64 years,"Subject pop: Census usually resident population count, Year: 2023, Measure: Count, Var1: Age (life cycle groups - 30-64 years)"
2023 Census totals by topic for individuals by statistical area 2 (SA2) - part 1,VAR_1_83,VAR_1_83,Individual,Census usually resident population count,2023,Count,Age (life cycle groups),65 years and over,"Subject pop: Census usually resident population count, Year: 2023, Measure: Count, Var1: Age (life cycle groups - 65 years and over)"
2023 Census totals by topic for individuals by statistical area 2 (SA2) - part 1,VAR_1_84,VAR_1_84,Individual,Census usually resident population count,2023,Count,Age (life cycle groups),Total,"Subject pop: Census usually resident population count, Year: 2023, Measure: Count, Var1: Age (life cycle groups - Total)"
2023 Census totals by topic for individuals by statistical area 2 (SA2) - part 1,VAR_1_85,VAR_1_85,Individual,Census usually resident population count,2013,Count,Birthplace (NZ born/overseas born),NZ born,"Subject pop: Census usually resident population count, Year: 2013, Measure: Count, Var1: Birthplace (NZ born)"
2023 Census totals by topic for individuals by statistical area 2 (SA2) - part 1,VAR_1_86,VAR_1_86,Individual,Census usually resident population count,2013,Count,Birthplace (NZ born/overseas born),Overseas born,"Subject pop: Census usually resident population count, Year: 2013, Measure: Count, Var1: Birthplace (Overseas born)"
2023 Census totals by topic for individuals by statistical area 2 (SA2) - part 1,VAR_1_87,VAR_1_87,Individual,Census usually resident population count,2013,Count,Birthplace (NZ born/overseas born),Not elsewhere included,"Subject pop: Census usually resident population count, Year: 2013, Measure: Count, Var1: Birthplace (Not elsewhere included)"
2023 Census totals by topic for individuals by statistical area 2 (SA2) - part 1,VAR_1_88,VAR_1_88,Individual,Census usually resident population count,2013,Count,Birthplace (NZ born/overseas born),Total,"Subject pop: Census usually resident population count, Year: 2013, Measure: Count, Var1: Birthplace (Total)"
2023 Census totals by topic for individuals by statistical area 2 (SA2) - part 1,VAR_1_89,VAR_1_89,Individual,Census usually resident population count,2013,Count,Birthplace (NZ born/overseas born),Total stated,"Subject pop: Census usually resident population count, Year: 2013, Measure: Count, Var1: Birthplace (Total stated)"
2023 Census totals by topic for individuals by statistical area 2 (SA2) - part 1,VAR_1_90,VAR_1_90,Individual,Census usually resident population count,2018,Count,Birthplace (NZ born/overseas born),NZ born,"Subject pop: Census usually resident population count, Year: 2018, Measure: Count, Var1: Birthplace (NZ born)"
2023 Census totals by topic for individuals by statistical area 2 (SA2) - part 1,VAR_1_91,VAR_1_91,Individual,Census usually resident population count,2018,Count,Birthplace (NZ born/overseas born),Overseas born,"Subject pop: Census usually resident population count, Year: 2018, Measure: Count, Var1: Birthplace (Overseas born)"
2023 Census totals by topic for individuals by statistical area 2 (SA2) - part 1,VAR_1_92,VAR_1_92,Individual,Census usually resident population count,2018,Count,Birthplace (NZ born/overseas born),Not elsewhere included,"Subject pop: Census usually resident population count, Year: 2018, Measure: Count, Var1: Birthplace (Not elsewhere included)"
2023 Census totals by topic for individuals by statistical area 2 (SA2) - part 1,VAR_1_93,VAR_1_93,Individual,Census usually resident population count,2018,Count,Birthplace (NZ born/overseas born),Total,"Subject pop: Census usually resident population count, Year: 2018, Measure: Count, Var1: Birthplace (Total)"
2023 Census totals by topic for individuals by statistical area 2 (SA2) - part 1,VAR_1_94,VAR_1_94,Individual,Census usually resident population count,2018,Count,Birthplace (NZ born/overseas born),Total stated,"Subject pop: Census usually resident population count, Year: 2018, Measure: Count, Var1: Birthplace (Total stated)"
2023 Census totals by topic for individuals by statistical area 2 (SA2) - part 1,VAR_1_95,VAR_1_95,Individual,Census usually resident population count,2023,Count,Birthplace (NZ born/overseas born),NZ born,"Subject pop: Census usually resident population count, Year: 2023, Measure: Count, Var1: Birthplace (NZ born)"
2023 Census totals by topic for individuals by statistical area 2 (SA2) - part 1,VAR_1_96,VAR_1_96,Individual,Census usually resident population count,2023,Count,Birthplace (NZ born/overseas born),Overseas born,"Subject pop: Census usually resident population count, Year: 2023, Measure: Count, Var1: Birthplace (Overseas born)"
2023 Census totals by topic for individuals by statistical area 2 (SA2) - part 1,VAR_1_97,VAR_1_97,Individual,Census usually resident population count,2023,Count,Birthplace (NZ born/overseas born),Not elsewhere included,"Subject pop: Census usually resident population count, Year: 2023, Measure: Count, Var1: Birthplace (Not elsewhere included)"
2023 Census totals by topic for individuals by statistical area 2 (SA2) - part 1,VAR_1_98,VAR_1_98,Individual,Census usually resident population count,2023,Count,Birthplace (NZ born/overseas born),Total,"Subject pop: Census usually resident population count, Year: 2023, Measure: Count, Var1: Birthplace (Total)"
2023 Census totals by topic for individuals by statistical area 2 (SA2) - part 1,VAR_1_99,VAR_1_99,Individual,Census usually resident population count,2023,Count,Birthplace (NZ born/overseas born),Total stated,"Subject pop: Census usually resident population count, Year: 2023, Measure: Count, Var1: Birthplace (Total stated)"
2023 Census totals by topic for individuals by statistical area 2 (SA2) - part 1,VAR_1_100,VAR_1_100,Individual,Census usually resident population count,2013,Count,Birthplace (broad geographic areas),New Zealand,"Subject pop: Census usually resident population count, Year: 2013, Measure: Count, Var1: Birthplace (broad geographic areas - New Zealand)"
2023 Census totals by topic for individuals by statistical area 2 (SA2) - part 1,VAR_1_101,VAR_1_101,Individual,Census usually resident population count,2013,Count,Birthplace (broad geographic areas),Australia,"Subject pop: Census usually resident population count, Year: 2013, Measure: Count, Var1: Birthplace (broad geographic areas - Australia)"
2023 Census totals by topic for individuals by statistical area 2 (SA2) - part 1,VAR_1_102,VAR_1_102,Individual,Census usually resident population count,2013,Count,Birthplace (broad geographic areas),Pacific Islands,"Subject pop: Census usually resident population count, Year: 2013, Measure: Count, Var1: Birthplace (broad geographic areas - Pacific Islands)"
2023 Census totals by topic for individuals by statistical area 2 (SA2) - part 1,VAR_1_103,VAR_1_103,Individual,Census usually resident population count,2013,Count,Birthplace (broad geographic areas),United Kingdom and Ireland,"Subject pop: Census usually resident population count, Year: 2013, Measure: Count, Var1: Birthplace (broad geographic areas - United Kingdom and Ireland)"
2023 Census totals by topic for individuals by statistical area 2 (SA2) - part 1,VAR_1_104,VAR_1_104,Individual,Census usually resident population count,2013,Count,Birthplace (broad geographic areas),Europe (excl United Kingdom and Ireland),"Subject pop: Census usually resident population count, Year: 2013, Measure: Count, Var1: Birthplace (broad geographic areas - Europe (excl United Kingdom and Ireland))"
2023 Census totals by topic for individuals by statistical area 2 (SA2) - part 1,VAR_1_105,VAR_1_105,Individual,Census usually resident population count,2013,Count,Birthplace (broad geographic areas),North America,"Subject pop: Census usually resident population count, Year: 2013, Measure: Count, Var1: Birthplace (broad geographic areas - North America)"
2023 Census totals by topic for individuals by statistical area 2 (SA2) - part 1,VAR_1_106,VAR_1_106,Individual,Census usually resident population count,2013,Count,Birthplace (broad geographic areas),Asia,"Subject pop: Census usually resident population count, Year: 2013, Measure: Count, Var1: Birthplace (broad geographic areas - Asia)"
2023 Census totals by topic for individuals by statistical area 2 (SA2) - part 1,VAR_1_107,VAR_1_107,Individual,Census usually resident population count,2013,Count,Birthplace (broad geographic areas),Middle East and Africa,"Subject pop: Census usually resident population count, Year: 2013, Measure: Count, Var1: Birthplace (broad geographic areas - Middle East and Africa)"
2023 Census totals by topic for individuals by statistical area 2 (SA2) - part 1,VAR_1_108,VAR_1_108,Individual,Census usually resident population count,2013,Count,Birthplace (broad geographic areas),Other,"Subject pop: Census usually resident population count, Year: 2013, Measure: Count, Var1: Birthplace (broad geographic areas - Other)"
2023 Census totals by topic for individuals by statistical area 2 (SA2) - part 1,VAR_1_109,VAR_1_109,Individual,Census usually resident population count,2013,Count,Birthplace (broad geographic areas),Not elsewhere included,"Subject pop: Census usually resident population count, Year: 2013, Measure: Count, Var1: Birthplace (broad geographic areas - Not elsewhere included)"
2023 Census totals by topic for individuals by statistical area 2 (SA2) - part 1,VAR_1_110,VAR_1_110,Individual,Census usually resident population count,2013,Count,Birthplace (broad geographic areas),Total,"Subject pop: Census usually resident population count, Year: 2013, Measure: Count, Var1: Birthplace (broad geographic areas - Total)"
2023 Census totals by topic for individuals by statistical area 2 (SA2) - part 1,VAR_1_111,VAR_1_111,Individual,Census usually resident population count,2013,Count,Birthplace (broad geographic areas),Total stated,"Subject pop: Census usually resident population count, Year: 2013, Measure: Count, Var1: Birthplace (broad geographic areas - Total stated)"
2023 Census totals by topic for individuals by statistical area 2 (SA2) - part 1,VAR_1_112,VAR_1_112,Individual,Census usually resident population count,2018,Count,Birthplace (broad geographic areas),New Zealand,"Subject pop: Census usually resident population count, Year: 2018, Measure: Count, Var1: Birthplace (broad geographic areas - New Zealand)"
2023 Census totals by topic for individuals by statistical area 2 (SA2) - part 1,VAR_1_113,VAR_1_113,Individual,Census usually resident population count,2018,Count,Birthplace (broad geographic areas),Australia,"Subject pop: Census usually resident population count, Year: 2018, Measure: Count, Var1: Birthplace (broad geographic areas - Australia)"
2023 Census totals by topic for individuals by statistical area 2 (SA2) - part 1,VAR_1_114,VAR_1_114,Individual,Census usually resident population count,2018,Count,Birthplace (broad geographic areas),Pacific Islands,"Subject pop: Census usually resident population count, Year: 2018, Measure: Count, Var1: Birthplace (broad geographic areas - Pacific Islands)"
2023 Census totals by topic for individuals by statistical area 2 (SA2) - part 1,VAR_1_115,VAR_1_115,Individual,Census usually resident population count,2018,Count,Birthplace (broad geographic areas),United Kingdom and Ireland,"Subject pop: Census usually resident population count, Year: 2018, Measure: Count, Var1: Birthplace (broad geographic areas - United Kingdom and Ireland)"
2023 Census totals by topic for individuals by statistical area 2 (SA2) - part 1,VAR_1_116,VAR_1_116,Individual,Census usually resident population count,2018,Count,Birthplace (broad geographic areas),Europe (excl United Kingdom and Ireland),"Subject pop: Census usually resident population count, Year: 2018, Measure: Count, Var1: Birthplace (broad geographic areas - Europe (excl United Kingdom and Ireland))"
2023 Census totals by topic for individuals by statistical area 2 (SA2) - part 1,VAR_1_117,VAR_1_117,Individual,Census usually resident population count,2018,Count,Birthplace (broad geographic areas),North America,"Subject pop: Census usually resident population count, Year: 2018, Measure: Count, Var1: Birthplace (broad geographic areas - North America)"
2023 Census totals by topic for individuals by statistical area 2 (SA2) - part 1,VAR_1_118,VAR_1_118,Individual,Census usually resident population count,2018,Count,Birthplace (broad geographic areas),Asia,"Subject pop: Census usually resident population count, Year: 2018, Measure: Count, Var1: Birthplace (broad geographic areas - Asia)"
2023 Census totals by topic for individuals by statistical area 2 (SA2) - part 1,VAR_1_119,VAR_1_119,Individual,Census usually resident population count,2018,Count,Birthplace (broad geographic areas),Middle East and Africa,"Subject pop: Census usually resident population count, Year: 2018, Measure: Count, Var1: Birthplace (broad geographic areas - Middle East and Africa)"
2023 Census totals by topic for individuals by statistical area 2 (SA2) - part 1,VAR_1_120,VAR_1_120,Individual,Census usually resident population count,2018,Count,Birthplace (broad geographic areas),Other,"Subject pop: Census usually resident population count, Year: 2018, Measure: Count, Var1: Birthplace (broad geographic areas - Other)"
2023 Census totals by topic for individuals by statistical area 2 (SA2) - part 1,VAR_1_121,VAR_1_121,Individual,Census usually resident population count,2018,Count,Birthplace (broad geographic areas),Not elsewhere included,"Subject pop: Census usually resident population count, Year: 2018, Measure: Count, Var1: Birthplace (broad geographic areas - Not elsewhere included)"
2023 Census totals by topic for individuals by statistical area 2 (SA2) - part 1,VAR_1_122,VAR_1_122,Individual,Census usually resident population count,2018,Count,Birthplace (broad geographic areas),Total,"Subject pop: Census usually resident population count, Year: 2018, Measure: Count, Var1: Birthplace (broad geographic areas - Total)"
2023 Census totals by topic for individuals by statistical area 2 (SA2) - part 1,VAR_1_123,VAR_1_123,Individual,Census usually resident population count,2018,Count,Birthplace (broad geographic areas),Total stated,"Subject pop: Census usually resident population count, Year: 2018, Measure: Count, Var1: Birthplace (broad geographic areas - Total stated)"
2023 Census totals by topic for individuals by statistical area 2 (SA2) - part 1,VAR_1_124,VAR_1_124,Individual,Census usually resident population count,2023,Count,Birthplace (broad geographic areas),New Zealand,"Subject pop: Census usually resident population count, Year: 2023, Measure: Count, Var1: Birthplace (broad geographic areas - New Zealand)"
2023 Census totals by topic for individuals by statistical area 2 (SA2) - part 1,VAR_1_125,VAR_1_125,Individual,Census usually resident population count,2023,Count,Birthplace (broad geographic areas),Australia,"Subject pop: Census usually resident population count, Year: 2023, Measure: Count, Var1: Birthplace (broad geographic areas - Australia)"
2023 Census totals by topic for individuals by statistical area 2 (SA2) - part 1,VAR_1_126,VAR_1_126,Individual,Census usually resident population count,2023,Count,Birthplace (broad geographic areas),Pacific Islands,"Subject pop: Census usually resident population count, Year: 2023, Measure: Count, Var1: Birthplace (broad geographic areas - Pacific Islands)"
2023 Census totals by topic for individuals by statistical area 2 (SA2) - part 1,VAR_1_127,VAR_1_127,Individual,Census usually resident population count,2023,Count,Birthplace (broad geographic areas),United Kingdom and Ireland,"Subject pop: Census usually resident population count, Year: 2023, Measure: Count, Var1: Birthplace (broad geographic areas - United Kingdom and Ireland)"
2023 Census totals by topic for individuals by statistical area 2 (SA2) - part 1,VAR_1_128,VAR_1_128,Individual,Census usually resident population count,2023,Count,Birthplace (broad geographic areas),Europe (excl United Kingdom and Ireland),"Subject pop: Census usually resident population count, Year: 2023, Measure: Count, Var1: Birthplace (broad geographic areas - Europe (excl United Kingdom and Ireland))"
2023 Census totals by topic for individuals by statistical area 2 (SA2) - part 1,VAR_1_129,VAR_1_129,Individual,Census usually resident population count,2023,Count,Birthplace (broad geographic areas),North America,"Subject pop: Census usually resident population count, Year: 2023, Measure: Count, Var1: Birthplace (broad geographic areas - North America)"
2023 Census totals by topic for individuals by statistical area 2 (SA2) - part 1,VAR_1_130,VAR_1_130,Individual,Census usually resident population count,2023,Count,Birthplace (broad geographic areas),Asia,"Subject pop: Census usually resident population count, Year: 2023, Measure: Count, Var1: Birthplace (broad geographic areas - Asia)"
2023 Census totals by topic for individuals by statistical area 2 (SA2) - part 1,VAR_1_131,VAR_1_131,Individual,Census usually resident population count,2023,Count,Birthplace (broad geographic areas),Middle East and Africa,"Subject pop: Census usually resident population count, Year: 2023, Measure: Count, Var1: Birthplace (broad geographic areas - Middle East and Africa)"
2023 Census totals by topic for individuals by statistical area 2 (SA2) - part 1,VAR_1_132,VAR_1_132,Individual,Census usually resident population count,2023,Count,Birthplace (broad geographic areas),Other,"Subject pop: Census usually resident population count, Year: 2023, Measure: Count, Var1: Birthplace (broad geographic areas - Other)"
2023 Census totals by topic for individuals by statistical area 2 (SA2) - part 1,VAR_1_133,VAR_1_133,Individual,Census usually resident population count,2023,Count,Birthplace (broad geographic areas),Not elsewhere included,"Subject pop: Census usually resident population count, Year: 2023, Measure: Count, Var1: Birthplace (broad geographic areas - Not elsewhere included)"
2023 Census totals by topic for individuals by statistical area 2 (SA2) - part 1,VAR_1_134,VAR_1_134,Individual,Census usually resident population count,2023,Count,Birthplace (broad geographic areas),Total,"Subject pop: Census usually resident population count, Year: 2023, Measure: Count, Var1: Birthplace (broad geographic areas - Total)"
2023 Census totals by topic for individuals by statistical area 2 (SA2) - part 1,VAR_1_135,VAR_1_135,Individual,Census usually resident population count,2023,Count,Birthplace (broad geographic areas),Total stated,"Subject pop: Census usually resident population count, Year: 2023, Measure: Count, Var1: Birthplace (broad geographic areas - Total stated)"
2023 Census totals by topic for individuals by statistical area 2 (SA2) - part 1,VAR_1_136,VAR_1_136,Individual,Census usually resident population count,2013,Count,Ethnicity (total responses),European,"Subject pop: Census usually resident population count, Year: 2013, Measure: Count, Var1: Ethnicity (European)"
2023 Census totals by topic for individuals by statistical area 2 (SA2) - part 1,VAR_1_137,VAR_1_137,Individual,Census usually resident population count,2013,Count,Ethnicity (total responses),Māori,"Subject pop: Census usually resident population count, Year: 2013, Measure: Count, Var1: Ethnicity (Māori)"
2023 Census totals by topic for individuals by statistical area 2 (SA2) - part 1,VAR_1_138,VAR_1_138,Individual,Census usually resident population count,2013,Count,Ethnicity (total responses),Pacific Peoples,"Subject pop: Census usually resident population count, Year: 2013, Measure: Count, Var1: Ethnicity (Pacific Peoples)"
2023 Census totals by topic for individuals by statistical area 2 (SA2) - part 1,VAR_1_139,VAR_1_139,Individual,Census usually resident population count,2013,Count,Ethnicity (total responses),Asian,"Subject pop: Census usually resident population count, Year: 2013, Measure: Count, Var1: Ethnicity (Asian)"
2023 Census totals by topic for individuals by statistical area 2 (SA2) - part 1,VAR_1_140,VAR_1_140,Individual,Census usually resident population count,2013,Count,Ethnicity (total responses),Middle Eastern/Latin American/African,"Subject pop: Census usually resident population count, Year: 2013, Measure: Count, Var1: Ethnicity (Middle Eastern/Latin American/African)"
2023 Census totals by topic for individuals by statistical area 2 (SA2) - part 1,VAR_1_141,VAR_1_141,Individual,Census usually resident population count,2013,Count,Ethnicity (total responses),Other Ethnicity,"Subject pop: Census usually resident population count, Year: 2013, Measure: Count, Var1: Ethnicity (Other Ethnicity)"
2023 Census totals by topic for individuals by statistical area 2 (SA2) - part 1,VAR_1_142,VAR_1_142,Individual,Census usually resident population count,2013,Count,Ethnicity (total responses),New Zealander,"Subject pop: Census usually resident population count, Year: 2013, Measure: Count, Var1: Ethnicity (New Zealander)"
2023 Census totals by topic for individuals by statistical area 2 (SA2) - part 1,VAR_1_143,VAR_1_143,Individual,Census usually resident population count,2013,Count,Ethnicity (total responses),Other Ethnicity nec,"Subject pop: Census usually resident population count, Year: 2013, Measure: Count, Var1: Ethnicity (Other Ethnicity nec)"
2023 Census totals by topic for individuals by statistical area 2 (SA2) - part 1,VAR_1_144,VAR_1_144,Individual,Census usually resident population count,2013,Count,Ethnicity (total responses),Not Elsewhere Included,"Subject pop: Census usually resident population count, Year: 2013, Measure: Count, Var1: Ethnicity (Not Elsewhere Included)"
2023 Census totals by topic for individuals by statistical area 2 (SA2) - part 1,VAR_1_145,VAR_1_145,Individual,Census usually resident population count,2013,Count,Ethnicity (total responses),Total,"Subject pop: Census usually resident population count, Year: 2013, Measure: Count, Var1: Ethnicity (Total)"
2023 Census totals by topic for individuals by statistical area 2 (SA2) - part 1,VAR_1_146,VAR_1_146,Individual,Census usually resident population count,2013,Count,Ethnicity (total responses),Total stated,"Subject pop: Census usually resident population count, Year: 2013, Measure: Count, Var1: Ethnicity (Total stated)"
2023 Census totals by topic for individuals by statistical area 2 (SA2) - part 1,VAR_1_147,VAR_1_147,Individual,Census usually resident population count,2018,Count,Ethnicity (total responses),European,"Subject pop: Census usually resident population count, Year: 2018, Measure: Count, Var1: Ethnicity (European)"
2023 Census totals by topic for individuals by statistical area 2 (SA2) - part 1,VAR_1_148,VAR_1_148,Individual,Census usually resident population count,2018,Count,Ethnicity (total responses),Māori,"Subject pop: Census usually resident population count, Year: 2018, Measure: Count, Var1: Ethnicity (Māori)"
2023 Census totals by topic for individuals by statistical area 2 (SA2) - part 1,VAR_1_149,VAR_1_149,Individual,Census usually resident population count,2018,Count,Ethnicity (total responses),Pacific Peoples,"Subject pop: Census usually resident population count, Year: 2018, Measure: Count, Var1: Ethnicity (Pacific Peoples)"
2023 Census totals by topic for individuals by statistical area 2 (SA2) - part 1,VAR_1_150,VAR_1_150,Individual,Census usually resident population count,2018,Count,Ethnicity (total responses),Asian,"Subject pop: Census usually resident population count, Year: 2018, Measure: Count, Var1: Ethnicity (Asian)"
2023 Census totals by topic for individuals by statistical area 2 (SA2) - part 1,VAR_1_151,VAR_1_151,Individual,Census usually resident population count,2018,Count,Ethnicity (total responses),Middle Eastern/Latin American/African,"Subject pop: Census usually resident population count, Year: 2018, Measure: Count, Var1: Ethnicity (Middle Eastern/Latin American/African)"
2023 Census totals by topic for individuals by statistical area 2 (SA2) - part 1,VAR_1_152,VAR_1_152,Individual,Census usually resident population count,2018,Count,Ethnicity (total responses),Other Ethnicity,"Subject pop: Census usually resident population count, Year: 2018, Measure: Count, Var1: Ethnicity (Other Ethnicity)"
2023 Census totals by topic for individuals by statistical area 2 (SA2) - part 1,VAR_1_153,VAR_1_153,Individual,Census usually resident population count,2018,Count,Ethnicity (total responses),New Zealander,"Subject pop: Census usually resident population count, Year: 2018, Measure: Count, Var1: Ethnicity (New Zealander)"
2023 Census totals by topic for individuals by statistical area 2 (SA2) - part 1,VAR_1_154,VAR_1_154,Individual,Census usually resident population count,2018,Count,Ethnicity (total responses),Other Ethnicity nec,"Subject pop: Census usually resident population count, Year: 2018, Measure: Count, Var1: Ethnicity (Other Ethnicity nec)"
2023 Census totals by topic for individuals by statistical area 2 (SA2) - part 1,VAR_1_155,VAR_1_155,Individual,Census usually resident population count,2018,Count,Ethnicity (total responses),Not Elsewhere Included,"Subject pop: Census usually resident population count, Year: 2018, Measure: Count, Var1: Ethnicity (Not Elsewhere Included)"
2023 Census totals by topic for individuals by statistical area 2 (SA2) - part 1,VAR_1_156,VAR_1_156,Individual,Census usually resident population count,2018,Count,Ethnicity (total responses),Total,"Subject pop: Census usually resident population count, Year: 2018, Measure: Count, Var1: Ethnicity (Total)"
2023 Census totals by topic for individuals by statistical area 2 (SA2) - part 1,VAR_1_157,VAR_1_157,Individual,Census usually resident population count,2018,Count,Ethnicity (total responses),Total stated,"Subject pop: Census usually resident population count, Year: 2018, Measure: Count, Var1: Ethnicity (Total stated)"
2023 Census totals by topic for individuals by statistical area 2 (SA2) - part 1,VAR_1_158,VAR_1_158,Individual,Census usually resident population count,2023,Count,Ethnicity (total responses),European,"Subject pop: Census usually resident population count, Year: 2023, Measure: Count, Var1: Ethnicity (European)"
2023 Census totals by topic for individuals by statistical area 2 (SA2) - part 1,VAR_1_159,VAR_1_159,Individual,Census usually resident population count,2023,Count,Ethnicity (total responses),Māori,"Subject pop: Census usually resident population count, Year: 2023, Measure: Count, Var1: Ethnicity (Māori)"
2023 Census totals by topic for individuals by statistical area 2 (SA2) - part 1,VAR_1_160,VAR_1_160,Individual,Census usually resident population count,2023,Count,Ethnicity (total responses),Pacific Peoples,"Subject pop: Census usually resident population count, Year: 2023, Measure: Count, Var1: Ethnicity (Pacific Peoples)"
2023 Census totals by topic for individuals by statistical area 2 (SA2) - part 1,VAR_1_161,VAR_1_161,Individual,Census usually resident population count,2023,Count,Ethnicity (total responses),Asian,"Subject pop: Census usually resident population count, Year: 2023, Measure: Count, Var1: Ethnicity (Asian)"
2023 Census totals by topic for individuals by statistical area 2 (SA2) - part 1,VAR_1_162,VAR_1_162,Individual,Census usually resident population count,2023,Count,Ethnicity (total responses),Middle Eastern/Latin American/African,"Subject pop: Census usually resident population count, Year: 2023, Measure: Count, Var1: Ethnicity (Middle Eastern/Latin American/African)"
2023 Census totals by topic for individuals by statistical area 2 (SA2) - part 1,VAR_1_163,VAR_1_163,Individual,Census usually resident population count,2023,Count,Ethnicity (total responses),Other Ethnicity,"Subject pop: Census usually resident population count, Year: 2023, Measure: Count, Var1: Ethnicity (Other Ethnicity)"
2023 Census totals by topic for individuals by statistical area 2 (SA2) - part 1,VAR_1_164,VAR_1_164,Individual,Census usually resident population count,2023,Count,Ethnicity (total responses),New Zealander,"Subject pop: Census usually resident population count, Year: 2023, Measure: Count, Var1: Ethnicity (New Zealander)"
2023 Census totals by topic for individuals by statistical area 2 (SA2) - part 1,VAR_1_165,VAR_1_165,Individual,Census usually resident population count,2023,Count,Ethnicity (total responses),Other Ethnicity nec,"Subject pop: Census usually resident population count, Year: 2023, Measure: Count, Var1: Ethnicity (Other Ethnicity nec)"
2023 Census totals by topic for individuals by statistical area 2 (SA2) - part 1,VAR_1_166,VAR_1_166,Individual,Census usually resident population count,2023,Count,Ethnicity (total responses),Not Elsewhere Included,"Subject pop: Census usually resident population count, Year: 2023, Measure: Count, Var1: Ethnicity (Not Elsewhere Included)"
2023 Census totals by topic for individuals by statistical area 2 (SA2) - part 1,VAR_1_167,VAR_1_167,Individual,Census usually resident population count,2023,Count,Ethnicity (total responses),Total,"Subject pop: Census usually resident population count, Year: 2023, Measure: Count, Var1: Ethnicity (Total)"
2023 Census totals by topic for individuals by statistical area 2 (SA2) - part 1,VAR_1_168,VAR_1_168,Individual,Census usually resident population count,2023,Count,Ethnicity (total responses),Total stated,"Subject pop: Census usually resident population count, Year: 2023, Measure: Count, Var1: Ethnicity (Total stated)"
2023 Census totals by topic for individuals by statistical area 2 (SA2) - part 1,VAR_1_169,VAR_1_169,Individual,Census usually resident population count,2013,Count,Māori descent indicator,Māori descent,"Subject pop: Census usually resident population count, Year: 2013, Measure: Count, Var1: Māori descent indicator (Māori descent)"
2023 Census totals by topic for individuals by statistical area 2 (SA2) - part 1,VAR_1_170,VAR_1_170,Individual,Census usually resident population count,2013,Count,Māori descent indicator,No Māori descent,"Subject pop: Census usually resident population count, Year: 2013, Measure: Count, Var1: Māori descent indicator (No Māori descent)"
2023 Census totals by topic for individuals by statistical area 2 (SA2) - part 1,VAR_1_171,VAR_1_171,Individual,Census usually resident population count,2013,Count,Māori descent indicator,Don't know,"Subject pop: Census usually resident population count, Year: 2013, Measure: Count, Var1: Māori descent indicator (Don't know)"
2023 Census totals by topic for individuals by statistical area 2 (SA2) - part 1,VAR_1_172,VAR_1_172,Individual,Census usually resident population count,2013,Count,Māori descent indicator,Not elsewhere included,"Subject pop: Census usually resident population count, Year: 2013, Measure: Count, Var1: Māori descent indicator (Not elsewhere included)"
2023 Census totals by topic for individuals by statistical area 2 (SA2) - part 1,VAR_1_173,VAR_1_173,Individual,Census usually resident population count,2013,Count,Māori descent indicator,Total,"Subject pop: Census usually resident population count, Year: 2013, Measure: Count, Var1: Māori descent indicator (Total)"
2023 Census totals by topic for individuals by statistical area 2 (SA2) - part 1,VAR_1_174,VAR_1_174,Individual,Census usually resident population count,2013,Count,Māori descent indicator,Total stated,"Subject pop: Census usually resident population count, Year: 2013, Measure: Count, Var1: Māori descent indicator (Total stated)"
2023 Census totals by topic for individuals by statistical area 2 (SA2) - part 1,VAR_1_175,VAR_1_175,Individual,Census usually resident population count,2018,Count,Māori descent indicator,Māori descent,"Subject pop: Census usually resident population count, Year: 2018, Measure: Count, Var1: Māori descent indicator (Māori descent)"
2023 Census totals by topic for individuals by statistical area 2 (SA2) - part 1,VAR_1_176,VAR_1_176,Individual,Census usually resident population count,2018,Count,Māori descent indicator,No Māori descent,"Subject pop: Census usually resident population count, Year: 2018, Measure: Count, Var1: Māori descent indicator (No Māori descent)"
2023 Census totals by topic for individuals by statistical area 2 (SA2) - part 1,VAR_1_177,VAR_1_177,Individual,Census usually resident population count,2018,Count,Māori descent indicator,Don't know,"Subject pop: Census usually resident population count, Year: 2018, Measure: Count, Var1: Māori descent indicator (Don't know)"
2023 Census totals by topic for individuals by statistical area 2 (SA2) - part 1,VAR_1_178,VAR_1_178,Individual,Census usually resident population count,2018,Count,Māori descent indicator,Not elsewhere included,"Subject pop: Census usually resident population count, Year: 2018, Measure: Count, Var1: Māori descent indicator (Not elsewhere included)"
2023 Census totals by topic for individuals by statistical area 2 (SA2) - part 1,VAR_1_179,VAR_1_179,Individual,Census usually resident population count,2018,Count,Māori descent indicator,Total,"Subject pop: Census usually resident population count, Year: 2018, Measure: Count, Var1: Māori descent indicator (Total)"
2023 Census totals by topic for individuals by statistical area 2 (SA2) - part 1,VAR_1_180,VAR_1_180,Individual,Census usually resident population count,2018,Count,Māori descent indicator,Total stated,"Subject pop: Census usually resident population count, Year: 2018, Measure: Count, Var1: Māori descent indicator (Total stated)"
2023 Census totals by topic for individuals by statistical area 2 (SA2) - part 1,VAR_1_181,VAR_1_181,Individual,Census usually resident population count,2023,Count,Māori descent indicator,Māori descent,"Subject pop: Census usually resident population count, Year: 2023, Measure: Count, Var1: Māori descent indicator (Māori descent)"
2023 Census totals by topic for individuals by statistical area 2 (SA2) - part 1,VAR_1_182,VAR_1_182,Individual,Census usually resident population count,2023,Count,Māori descent indicator,No Māori descent,"Subject pop: Census usually resident population count, Year: 2023, Measure: Count, Var1: Māori descent indicator (No Māori descent)"
2023 Census totals by topic for individuals by statistical area 2 (SA2) - part 1,VAR_1_183,VAR_1_183,Individual,Census usually resident population count,2023,Count,Māori descent indicator,Don't know,"Subject pop: Census usually resident population count, Year: 2023, Measure: Count, Var1: Māori descent indicator (Don't know)"
2023 Census totals by topic for individuals by statistical area 2 (SA2) - part 1,VAR_1_184,VAR_1_184,Individual,Census usually resident population count,2023,Count,Māori descent indicator,Not elsewhere included,"Subject pop: Census usually resident population count, Year: 2023, Measure: Count, Var1: Māori descent indicator (Not elsewhere included)"
2023 Census totals by topic for individuals by statistical area 2 (SA2) - part 1,VAR_1_185,VAR_1_185,Individual,Census usually resident population count,2023,Count,Māori descent indicator,Total,"Subject pop: Census usually resident population count, Year: 2023, Measure: Count, Var1: Māori descent indicator (Total)"
2023 Census totals by topic for individuals by statistical area 2 (SA2) - part 1,VAR_1_186,VAR_1_186,Individual,Census usually resident population count,2023,Count,Māori descent indicator,Total stated,"Subject pop: Census usually resident population count, Year: 2023, Measure: Count, Var1: Māori descent indicator (Total stated)"
2023 Census totals by topic for individuals by statistical area 2 (SA2) - part 1,VAR_1_187,VAR_1_187,Individual,Census usually resident population count,2013,Count,Languages spoken (total responses),English,"Subject pop: Census usually resident population count, Year: 2013, Measure: Count, Var1: Languages spoken (English)"
2023 Census totals by topic for individuals by statistical area 2 (SA2) - part 1,VAR_1_188,VAR_1_188,Individual,Census usually resident population count,2013,Count,Languages spoken (total responses),Māori,"Subject pop: Census usually resident population count, Year: 2013, Measure: Count, Var1: Languages spoken (Māori)"
2023 Census totals by topic for individuals by statistical area 2 (SA2) - part 1,VAR_1_189,VAR_1_189,Individual,Census usually resident population count,2013,Count,Languages spoken (total responses),Samoan,"Subject pop: Census usually resident population count, Year: 2013, Measure: Count, Var1: Languages spoken (Samoan)"
2023 Census totals by topic for individuals by statistical area 2 (SA2) - part 1,VAR_1_190,VAR_1_190,Individual,Census usually resident population count,2013,Count,Languages spoken (total responses),New Zealand Sign Language,"Subject pop: Census usually resident population count, Year: 2013, Measure: Count, Var1: Languages spoken (New Zealand Sign Language)"
2023 Census totals by topic for individuals by statistical area 2 (SA2) - part 1,VAR_1_191,VAR_1_191,Individual,Census usually resident population count,2013,Count,Languages spoken (total responses),Other,"Subject pop: Census usually resident population count, Year: 2013, Measure: Count, Var1: Languages spoken (Other)"
2023 Census totals by topic for individuals by statistical area 2 (SA2) - part 1,VAR_1_192,VAR_1_192,Individual,Census usually resident population count,2013,Count,Languages spoken (total responses),None (eg too young to talk),"Subject pop: Census usually resident population count, Year: 2013, Measure: Count, Var1: Languages spoken (None (eg too young to talk))"
2023 Census totals by topic for individuals by statistical area 2 (SA2) - part 1,VAR_1_193,VAR_1_193,Individual,Census usually resident population count,2013,Count,Languages spoken (total responses),Not elsewhere included,"Subject pop: Census usually resident population count, Year: 2013, Measure: Count, Var1: Languages spoken (Not elsewhere included)"
2023 Census totals by topic for individuals by statistical area 2 (SA2) - part 1,VAR_1_194,VAR_1_194,Individual,Census usually resident population count,2013,Count,Languages spoken (total responses),Total,"Subject pop: Census usually resident population count, Year: 2013, Measure: Count, Var1: Languages spoken (Total)"
2023 Census totals by topic for individuals by statistical area 2 (SA2) - part 1,VAR_1_195,VAR_1_195,Individual,Census usually resident population count,2013,Count,Languages spoken (total responses),Total stated,"Subject pop: Census usually resident population count, Year: 2013, Measure: Count, Var1: Languages spoken (Total stated)"
2023 Census totals by topic for individuals by statistical area 2 (SA2) - part 1,VAR_1_196,VAR_1_196,Individual,Census usually resident population count,2018,Count,Languages spoken (total responses),English,"Subject pop: Census usually resident population count, Year: 2018, Measure: Count, Var1: Languages spoken (English)"
2023 Census totals by topic for individuals by statistical area 2 (SA2) - part 1,VAR_1_197,VAR_1_197,Individual,Census usually resident population count,2018,Count,Languages spoken (total responses),Māori,"Subject pop: Census usually resident population count, Year: 2018, Measure: Count, Var1: Languages spoken (Māori)"
2023 Census totals by topic for individuals by statistical area 2 (SA2) - part 1,VAR_1_198,VAR_1_198,Individual,Census usually resident population count,2018,Count,Languages spoken (total responses),Samoan,"Subject pop: Census usually resident population count, Year: 2018, Measure: Count, Var1: Languages spoken (Samoan)"
2023 Census totals by topic for individuals by statistical area 2 (SA2) - part 1,VAR_1_199,VAR_1_199,Individual,Census usually resident population count,2018,Count,Languages spoken (total responses),New Zealand Sign Language,"Subject pop: Census usually resident population count, Year: 2018, Measure: Count, Var1: Languages spoken (New Zealand Sign Language)"
2023 Census totals by topic for individuals by statistical area 2 (SA2) - part 1,VAR_1_200,VAR_1_200,Individual,Census usually resident population count,2018,Count,Languages spoken (total responses),Other,"Subject pop: Census usually resident population count, Year: 2018, Measure: Count, Var1: Languages spoken (Other)"
2023 Census totals by topic for individuals by statistical area 2 (SA2) - part 1,VAR_1_201,VAR_1_201,Individual,Census usually resident population count,2018,Count,Languages spoken (total responses),None (eg too young to talk),"Subject pop: Census usually resident population count, Year: 2018, Measure: Count, Var1: Languages spoken (None (eg too young to talk))"
2023 Census totals by topic for individuals by statistical area 2 (SA2) - part 1,VAR_1_202,VAR_1_202,Individual,Census usually resident population count,2018,Count,Languages spoken (total responses),Not elsewhere included,"Subject pop: Census usually resident population count, Year: 2018, Measure: Count, Var1: Languages spoken (Not elsewhere included)"
2023 Census totals by topic for individuals by statistical area 2 (SA2) - part 1,VAR_1_203,VAR_1_203,Individual,Census usually resident population count,2018,Count,Languages spoken (total responses),Total,"Subject pop: Census usually resident population count, Year: 2018, Measure: Count, Var1: Languages spoken (Total)"
2023 Census totals by topic for individuals by statistical area 2 (SA2) - part 1,VAR_1_204,VAR_1_204,Individual,Census usually resident population count,2018,Count,Languages spoken (total responses),Total stated,"Subject pop: Census usually resident population count, Year: 2018, Measure: Count, Var1: Languages spoken (Total stated)"
2023 Census totals by topic for individuals by statistical area 2 (SA2) - part 1,VAR_1_205,VAR_1_205,Individual,Census usually resident population count,2023,Count,Languages spoken (total responses),English,"Subject pop: Census usually resident population count, Year: 2023, Measure: Count, Var1: Languages spoken (English)"
2023 Census totals by topic for individuals by statistical area 2 (SA2) - part 1,VAR_1_206,VAR_1_206,Individual,Census usually resident population count,2023,Count,Languages spoken (total responses),Māori,"Subject pop: Census usually resident population count, Year: 2023, Measure: Count, Var1: Languages spoken (Māori)"
2023 Census totals by topic for individuals by statistical area 2 (SA2) - part 1,VAR_1_207,VAR_1_207,Individual,Census usually resident population count,2023,Count,Languages spoken (total responses),Samoan,"Subject pop: Census usually resident population count, Year: 2023, Measure: Count, Var1: Languages spoken (Samoan)"
2023 Census totals by topic for individuals by statistical area 2 (SA2) - part 1,VAR_1_208,VAR_1_208,Individual,Census usually resident population count,2023,Count,Languages spoken (total responses),New Zealand Sign Language,"Subject pop: Census usually resident population count, Year: 2023, Measure: Count, Var1: Languages spoken (New Zealand Sign Language)"
2023 Census totals by topic for individuals by statistical area 2 (SA2) - part 1,VAR_1_209,VAR_1_209,Individual,Census usually resident population count,2023,Count,Languages spoken (total responses),Other,"Subject pop: Census usually resident population count, Year: 2023, Measure: Count, Var1: Languages spoken (Other)"
2023 Census totals by topic for individuals by statistical area 2 (SA2) - part 1,VAR_1_210,VAR_1_210,Individual,Census usually resident population count,2023,Count,Languages spoken (total responses),None (eg too young to talk),"Subject pop: Census usually resident population count, Year: 2023, Measure: Count, Var1: Languages spoken (None (eg too young to talk))"
2023 Census totals by topic for individuals by statistical area 2 (SA2) - part 1,VAR_1_211,VAR_1_211,Individual,Census usually resident population count,2023,Count,Languages spoken (total responses),Not elsewhere included,"Subject pop: Census usually resident population count, Year: 2023, Measure: Count, Var1: Languages spoken (Not elsewhere included)"
2023 Census totals by topic for individuals by statistical area 2 (SA2) - part 1,VAR_1_212,VAR_1_212,Individual,Census usually resident population count,2023,Count,Languages spoken (total responses),Total,"Subject pop: Census usually resident population count, Year: 2023, Measure: Count, Var1: Languages spoken (Total)"
2023 Census totals by topic for individuals by statistical area 2 (SA2) - part 1,VAR_1_213,VAR_1_213,Individual,Census usually resident population count,2023,Count,Languages spoken (total responses),Total stated,"Subject pop: Census usually resident population count, Year: 2023, Measure: Count, Var1: Languages spoken (Total stated)"
2023 Census totals by topic for individuals by statistical area 2 (SA2) - part 1,VAR_1_214,VAR_1_214,Individual,Census usually resident population count,2013,Count,Official language indicator,No language,"Subject pop: Census usually resident population count, Year: 2013, Measure: Count, Var1: Official language indicator (No language)"
2023 Census totals by topic for individuals by statistical area 2 (SA2) - part 1,VAR_1_215,VAR_1_215,Individual,Census usually resident population count,2013,Count,Official language indicator,Māori only,"Subject pop: Census usually resident population count, Year: 2013, Measure: Count, Var1: Official language indicator (Māori only)"
2023 Census totals by topic for individuals by statistical area 2 (SA2) - part 1,VAR_1_216,VAR_1_216,Individual,Census usually resident population count,2013,Count,Official language indicator,English only,"Subject pop: Census usually resident population count, Year: 2013, Measure: Count, Var1: Official language indicator (English only)"
2023 Census totals by topic for individuals by statistical area 2 (SA2) - part 1,VAR_1_217,VAR_1_217,Individual,Census usually resident population count,2013,Count,Official language indicator,NZ Sign Language only,"Subject pop: Census usually resident population count, Year: 2013, Measure: Count, Var1: Official language indicator (NZ Sign Language only)"
2023 Census totals by topic for individuals by statistical area 2 (SA2) - part 1,VAR_1_218,VAR_1_218,Individual,Census usually resident population count,2013,Count,Official language indicator,Māori and English only (not NZ Sign Language),"Subject pop: Census usually resident population count, Year: 2013, Measure: Count, Var1: Official language indicator (Māori and English only (not NZ Sign Language))"
2023 Census totals by topic for individuals by statistical area 2 (SA2) - part 1,VAR_1_219,VAR_1_219,Individual,Census usually resident population count,2013,Count,Official language indicator,English and NZ Sign Language only (not Māori),"Subject pop: Census usually resident population count, Year: 2013, Measure: Count, Var1: Official language indicator (English and NZ Sign Language only (not Māori))"
2023 Census totals by topic for individuals by statistical area 2 (SA2) - part 1,VAR_1_220,VAR_1_220,Individual,Census usually resident population count,2013,Count,Official language indicator,English and Other only (not Māori or NZ Sign Language),"Subject pop: Census usually resident population count, Year: 2013, Measure: Count, Var1: Official language indicator (English and Other only (not Māori or NZ Sign Language))"
2023 Census totals by topic for individuals by statistical area 2 (SA2) - part 1,VAR_1_221,VAR_1_221,Individual,Census usually resident population count,2013,Count,Official language indicator,"Māori, English and NZ Sign Language (not Other)","Subject pop: Census usually resident population count, Year: 2013, Measure: Count, Var1: Official language indicator (Māori, English and NZ Sign Language (not Other))"
2023 Census totals by topic for individuals by statistical area 2 (SA2) - part 1,VAR_1_222,VAR_1_222,Individual,Census usually resident population count,2013,Count,Official language indicator,"Māori, English and Other (not NZ Sign Language)","Subject pop: Census usually resident population count, Year: 2013, Measure: Count, Var1: Official language indicator (Māori, English and Other (not NZ Sign Language))"
2023 Census totals by topic for individuals by statistical area 2 (SA2) - part 1,VAR_1_223,VAR_1_223,Individual,Census usually resident population count,2013,Count,Official language indicator,"English, NZ Sign Language and Other (not Māori)","Subject pop: Census usually resident population count, Year: 2013, Measure: Count, Var1: Official language indicator (English, NZ Sign Language and Other (not Māori))"
2023 Census totals by topic for individuals by statistical area 2 (SA2) - part 1,VAR_1_224,VAR_1_224,Individual,Census usually resident population count,2013,Count,Official language indicator,"Māori, English, NZ Sign Language and Other","Subject pop: Census usually resident population count, Year: 2013, Measure: Count, Var1: Official language indicator (Māori, English, NZ Sign Language and Other)"
2023 Census totals by topic for individuals by statistical area 2 (SA2) - part 1,VAR_1_225,VAR_1_225,Individual,Census usually resident population count,2013,Count,Official language indicator,"Other languages only (neither English, Māori nor NZ Sign Language)","Subject pop: Census usually resident population count, Year: 2013, Measure: Count, Var1: Official language indicator (Other languages only (neither English, Māori nor NZ Sign Language))"
2023 Census totals by topic for individuals by statistical area 2 (SA2) - part 1,VAR_1_226,VAR_1_226,Individual,Census usually resident population count,2013,Count,Official language indicator,"Other combination of Māori, English, NZ Sign Language and Other","Subject pop: Census usually resident population count, Year: 2013, Measure: Count, Var1: Official language indicator (Other combination of Māori, English, NZ Sign Language and Other)"
2023 Census totals by topic for individuals by statistical area 2 (SA2) - part 1,VAR_1_227,VAR_1_227,Individual,Census usually resident population count,2013,Count,Official language indicator,Not elsewhere included,"Subject pop: Census usually resident population count, Year: 2013, Measure: Count, Var1: Official language indicator (Not elsewhere included)"
2023 Census totals by topic for individuals by statistical area 2 (SA2) - part 1,VAR_1_228,VAR_1_228,Individual,Census usually resident population count,2013,Count,Official language indicator,Total,"Subject pop: Census usually resident population count, Year: 2013, Measure: Count, Var1: Official language indicator (Total)"
2023 Census totals by topic for individuals by statistical area 2 (SA2) - part 1,VAR_1_229,VAR_1_229,Individual,Census usually resident population count,2013,Count,Official language indicator,Total stated,"Subject pop: Census usually resident population count, Year: 2013, Measure: Count, Var1: Official language indicator (Total stated)"
2023 Census totals by topic for individuals by statistical area 2 (SA2) - part 1,VAR_1_230,VAR_1_230,Individual,Census usually resident population count,2018,Count,Official language indicator,No language,"Subject pop: Census usually resident population count, Year: 2018, Measure: Count, Var1: Official language indicator (No language)"
2023 Census totals by topic for individuals by statistical area 2 (SA2) - part 1,VAR_1_231,VAR_1_231,Individual,Census usually resident population count,2018,Count,Official language indicator,Māori only,"Subject pop: Census usually resident population count, Year: 2018, Measure: Count, Var1: Official language indicator (Māori only)"
2023 Census totals by topic for individuals by statistical area 2 (SA2) - part 1,VAR_1_232,VAR_1_232,Individual,Census usually resident population count,2018,Count,Official language indicator,English only,"Subject pop: Census usually resident population count, Year: 2018, Measure: Count, Var1: Official language indicator (English only)"
2023 Census totals by topic for individuals by statistical area 2 (SA2) - part 1,VAR_1_233,VAR_1_233,Individual,Census usually resident population count,2018,Count,Official language indicator,NZ Sign Language only,"Subject pop: Census usually resident population count, Year: 2018, Measure: Count, Var1: Official language indicator (NZ Sign Language only)"
2023 Census totals by topic for individuals by statistical area 2 (SA2) - part 1,VAR_1_234,VAR_1_234,Individual,Census usually resident population count,2018,Count,Official language indicator,Māori and English only (not NZ Sign Language),"Subject pop: Census usually resident population count, Year: 2018, Measure: Count, Var1: Official language indicator (Māori and English only (not NZ Sign Language))"
2023 Census totals by topic for individuals by statistical area 2 (SA2) - part 1,VAR_1_235,VAR_1_235,Individual,Census usually resident population count,2018,Count,Official language indicator,English and NZ Sign Language only (not Māori),"Subject pop: Census usually resident population count, Year: 2018, Measure: Count, Var1: Official language indicator (English and NZ Sign Language only (not Māori))"
2023 Census totals by topic for individuals by statistical area 2 (SA2) - part 1,VAR_1_236,VAR_1_236,Individual,Census usually resident population count,2018,Count,Official language indicator,English and Other only (not Māori or NZ Sign Language),"Subject pop: Census usually resident population count, Year: 2018, Measure: Count, Var1: Official language indicator (English and Other only (not Māori or NZ Sign Language))"
2023 Census totals by topic for individuals by statistical area 2 (SA2) - part 1,VAR_1_237,VAR_1_237,Individual,Census usually resident population count,2018,Count,Official language indicator,"Māori, English and NZ Sign Language (not Other)","Subject pop: Census usually resident population count, Year: 2018, Measure: Count, Var1: Official language indicator (Māori, English and NZ Sign Language (not Other))"
2023 Census totals by topic for individuals by statistical area 2 (SA2) - part 1,VAR_1_238,VAR_1_238,Individual,Census usually resident population count,2018,Count,Official language indicator,"Māori, English and Other (not NZ Sign Language)","Subject pop: Census usually resident population count, Year: 2018, Measure: Count, Var1: Official language indicator (Māori, English and Other (not NZ Sign Language))"
2023 Census totals by topic for individuals by statistical area 2 (SA2) - part 1,VAR_1_239,VAR_1_239,Individual,Census usually resident population count,2018,Count,Official language indicator,"English, NZ Sign Language and Other (not Māori)","Subject pop: Census usually resident population count, Year: 2018, Measure: Count, Var1: Official language indicator (English, NZ Sign Language and Other (not Māori))"
2023 Census totals by topic for individuals by statistical area 2 (SA2) - part 1,VAR_1_240,VAR_1_240,Individual,Census usually resident population count,2018,Count,Official language indicator,"Māori, English, NZ Sign Language and Other","Subject pop: Census usually resident population count, Year: 2018, Measure: Count, Var1: Official language indicator (Māori, English, NZ Sign Language and Other)"
2023 Census totals by topic for individuals by statistical area 2 (SA2) - part 1,VAR_1_241,VAR_1_241,Individual,Census usually resident population count,2018,Count,Official language indicator,"Other languages only (neither English, Māori nor NZ Sign Language)","Subject pop: Census usually resident population count, Year: 2018, Measure: Count, Var1: Official language indicator (Other languages only (neither English, Māori nor NZ Sign Language))"
2023 Census totals by topic for individuals by statistical area 2 (SA2) - part 1,VAR_1_242,VAR_1_242,Individual,Census usually resident population count,2018,Count,Official language indicator,"Other combination of Māori, English, NZ Sign Language and Other","Subject pop: Census usually resident population count, Year: 2018, Measure: Count, Var1: Official language indicator (Other combination of Māori, English, NZ Sign Language and Other)"
2023 Census totals by topic for individuals by statistical area 2 (SA2) - part 1,VAR_1_243,VAR_1_243,Individual,Census usually resident population count,2018,Count,Official language indicator,Not elsewhere included,"Subject pop: Census usually resident population count, Year: 2018, Measure: Count, Var1: Official language indicator (Not elsewhere included)"
2023 Census totals by topic for individuals by statistical area 2 (SA2) - part 1,VAR_1_244,VAR_1_244,Individual,Census usually resident population count,2018,Count,Official language indicator,Total,"Subject pop: Census usually resident population count, Year: 2018, Measure: Count, Var1: Official language indicator (Total)"
2023 Census totals by topic for individuals by statistical area 2 (SA2) - part 1,VAR_1_245,VAR_1_245,Individual,Census usually resident population count,2018,Count,Official language indicator,Total stated,"Subject pop: Census usually resident population count, Year: 2018, Measure: Count, Var1: Official language indicator (Total stated)"
2023 Census totals by topic for individuals by statistical area 2 (SA2) - part 1,VAR_1_246,VAR_1_246,Individual,Census usually resident population count,2023,Count,Official language indicator,No language,"Subject pop: Census usually resident population count, Year: 2023, Measure: Count, Var1: Official language indicator (No language)"
2023 Census totals by topic for individuals by statistical area 2 (SA2) - part 1,VAR_1_247,VAR_1_247,Individual,Census usually resident population count,2023,Count,Official language indicator,Māori only,"Subject pop: Census usually resident population count, Year: 2023, Measure: Count, Var1: Official language indicator (Māori only)"
2023 Census totals by topic for individuals by statistical area 2 (SA2) - part 1,VAR_1_248,VAR_1_248,Individual,Census usually resident population count,2023,Count,Official language indicator,English only,"Subject pop: Census usually resident population count, Year: 2023, Measure: Count, Var1: Official language indicator (English only)"
2023 Census totals by topic for individuals by statistical area 2 (SA2) - part 1,VAR_1_249,VAR_1_249,Individual,Census usually resident population count,2023,Count,Official language indicator,NZ Sign Language only,"Subject pop: Census usually resident population count, Year: 2023, Measure: Count, Var1: Official language indicator (NZ Sign Language only)"
2023 Census totals by topic for individuals by statistical area 2 (SA2) - part 1,VAR_1_250,VAR_1_250,Individual,Census usually resident population count,2023,Count,Official language indicator,Māori and English only (not NZ Sign Language),"Subject pop: Census usually resident population count, Year: 2023, Measure: Count, Var1: Official language indicator (Māori and English only (not NZ Sign Language))"
2023 Census totals by topic for individuals by statistical area 2 (SA2) - part 1,VAR_1_251,VAR_1_251,Individual,Census usually resident population count,2023,Count,Official language indicator,English and NZ Sign Language only (not Māori),"Subject pop: Census usually resident population count, Year: 2023, Measure: Count, Var1: Official language indicator (English and NZ Sign Language only (not Māori))"
2023 Census totals by topic for individuals by statistical area 2 (SA2) - part 1,VAR_1_252,VAR_1_252,Individual,Census usually resident population count,2023,Count,Official language indicator,English and Other only (not Māori or NZ Sign Language),"Subject pop: Census usually resident population count, Year: 2023, Measure: Count, Var1: Official language indicator (English and Other only (not Māori or NZ Sign Language))"
2023 Census totals by topic for individuals by statistical area 2 (SA2) - part 1,VAR_1_253,VAR_1_253,Individual,Census usually resident population count,2023,Count,Official language indicator,"Māori, English and NZ Sign Language (not Other)","Subject pop: Census usually resident population count, Year: 2023, Measure: Count, Var1: Official language indicator (Māori, English and NZ Sign Language (not Other))"
2023 Census totals by topic for individuals by statistical area 2 (SA2) - part 1,VAR_1_254,VAR_1_254,Individual,Census usually resident population count,2023,Count,Official language indicator,"Māori, English and Other (not NZ Sign Language)","Subject pop: Census usually resident population count, Year: 2023, Measure: Count, Var1: Official language indicator (Māori, English and Other (not NZ Sign Language))"
2023 Census totals by topic for individuals by statistical area 2 (SA2) - part 1,VAR_1_255,VAR_1_255,Individual,Census usually resident population count,2023,Count,Official language indicator,"English, NZ Sign Language and Other (not Māori)","Subject pop: Census usually resident population count, Year: 2023, Measure: Count, Var1: Official language indicator (English, NZ Sign Language and Other (not Māori))"
2023 Census totals by topic for individuals by statistical area 2 (SA2) - part 1,VAR_1_256,VAR_1_256,Individual,Census usually resident population count,2023,Count,Official language indicator,"Māori, English, NZ Sign Language and Other","Subject pop: Census usually resident population count, Year: 2023, Measure: Count, Var1: Official language indicator (Māori, English, NZ Sign Language and Other)"
2023 Census totals by topic for individuals by statistical area 2 (SA2) - part 1,VAR_1_257,VAR_1_257,Individual,Census usually resident population count,2023,Count,Official language indicator,"Other languages only (neither English, Māori nor NZ Sign Language)","Subject pop: Census usually resident population count, Year: 2023, Measure: Count, Var1: Official language indicator (Other languages only (neither English, Māori nor NZ Sign Language))"
2023 Census totals by topic for individuals by statistical area 2 (SA2) - part 1,VAR_1_258,VAR_1_258,Individual,Census usually resident population count,2023,Count,Official language indicator,"Other combination of Māori, English, NZ Sign Language and Other","Subject pop: Census usually resident population count, Year: 2023, Measure: Count, Var1: Official language indicator (Other combination of Māori, English, NZ Sign Language and Other)"
2023 Census totals by topic for individuals by statistical area 2 (SA2) - part 1,VAR_1_259,VAR_1_259,Individual,Census usually resident population count,2023,Count,Official language indicator,Not elsewhere included,"Subject pop: Census usually resident population count, Year: 2023, Measure: Count, Var1: Official language indicator (Not elsewhere included)"
2023 Census totals by topic for individuals by statistical area 2 (SA2) - part 1,VAR_1_260,VAR_1_260,Individual,Census usually resident population count,2023,Count,Official language indicator,Total,"Subject pop: Census usually resident population count, Year: 2023, Measure: Count, Var1: Official language indicator (Total)"
2023 Census totals by topic for individuals by statistical area 2 (SA2) - part 1,VAR_1_261,VAR_1_261,Individual,Census usually resident population count,2023,Count,Official language indicator,Total stated,"Subject pop: Census usually resident population count, Year: 2023, Measure: Count, Var1: Official language indicator (Total stated)"
2023 Census totals by topic for individuals by statistical area 2 (SA2) - part 1,VAR_1_262,VAR_1_262,Individual,Census usually resident population count,2013,Count,Gender,Male / Tāne,"Subject pop: Census usually resident population count, Year: 2013, Measure: Count, Var1: Gender (Male / Tāne)"
2023 Census totals by topic for individuals by statistical area 2 (SA2) - part 1,VAR_1_263,VAR_1_263,Individual,Census usually resident population count,2013,Count,Gender,Female / Wahine,"Subject pop: Census usually resident population count, Year: 2013, Measure: Count, Var1: Gender (Female / Wahine)"
2023 Census totals by topic for individuals by statistical area 2 (SA2) - part 1,VAR_1_264,VAR_1_264,Individual,Census usually resident population count,2013,Count,Gender,Another gender / He ira kē anō,"Subject pop: Census usually resident population count, Year: 2013, Measure: Count, Var1: Gender (Another gender / He ira kē anō)"
2023 Census totals by topic for individuals by statistical area 2 (SA2) - part 1,VAR_1_265,VAR_1_265,Individual,Census usually resident population count,2013,Count,Gender,Total,"Subject pop: Census usually resident population count, Year: 2013, Measure: Count, Var1: Gender (Total)"
2023 Census totals by topic for individuals by statistical area 2 (SA2) - part 1,VAR_1_266,VAR_1_266,Individual,Census usually resident population count,2018,Count,Gender,Male / Tāne,"Subject pop: Census usually resident population count, Year: 2018, Measure: Count, Var1: Gender (Male / Tāne)"
2023 Census totals by topic for individuals by statistical area 2 (SA2) - part 1,VAR_1_267,VAR_1_267,Individual,Census usually resident population count,2018,Count,Gender,Female / Wahine,"Subject pop: Census usually resident population count, Year: 2018, Measure: Count, Var1: Gender (Female / Wahine)"
2023 Census totals by topic for individuals by statistical area 2 (SA2) - part 1,VAR_1_268,VAR_1_268,Individual,Census usually resident population count,2018,Count,Gender,Another gender / He ira kē anō,"Subject pop: Census usually resident population count, Year: 2018, Measure: Count, Var1: Gender (Another gender / He ira kē anō)"
2023 Census totals by topic for individuals by statistical area 2 (SA2) - part 1,VAR_1_269,VAR_1_269,Individual,Census usually resident population count,2018,Count,Gender,Total,"Subject pop: Census usually resident population count, Year: 2018, Measure: Count, Var1: Gender (Total)"
2023 Census totals by topic for individuals by statistical area 2 (SA2) - part 1,VAR_1_270,VAR_1_270,Individual,Census usually resident population count,2023,Count,Gender,Male / Tāne,"Subject pop: Census usually resident population count, Year: 2023, Measure: Count, Var1: Gender (Male / Tāne)"
2023 Census totals by topic for individuals by statistical area 2 (SA2) - part 1,VAR_1_271,VAR_1_271,Individual,Census usually resident population count,2023,Count,Gender,Female / Wahine,"Subject pop: Census usually resident population count, Year: 2023, Measure: Count, Var1: Gender (Female / Wahine)"
2023 Census totals by topic for individuals by statistical area 2 (SA2) - part 1,VAR_1_272,VAR_1_272,Individual,Census usually resident population count,2023,Count,Gender,Another gender / He ira kē anō,"Subject pop: Census usually resident population count, Year: 2023, Measure: Count, Var1: Gender (Another gender / He ira kē anō)"
2023 Census totals by topic for individuals by statistical area 2 (SA2) - part 1,VAR_1_273,VAR_1_273,Individual,Census usually resident population count,2023,Count,Gender,Total,"Subject pop: Census usually resident population count, Year: 2023, Measure: Count, Var1: Gender (Total)"
2023 Census totals by topic for individuals by statistical area 2 (SA2) - part 1,VAR_1_274,VAR_1_274,Individual,Census usually resident population count aged 15 years and over,2023,Count,Cisgender and transgender status,Cisgender,"Subject pop: Census usually resident population count aged 15 years and over, Year: 2023, Measure: Count, Var1: Cisgender and transgender status (Cisgender)"
2023 Census totals by topic for individuals by statistical area 2 (SA2) - part 1,VAR_1_275,VAR_1_275,Individual,Census usually resident population count aged 15 years and over,2023,Count,Cisgender and transgender status,Transgender,"Subject pop: Census usually resident population count aged 15 years and over, Year: 2023, Measure: Count, Var1: Cisgender and transgender status (Transgender)"
2023 Census totals by topic for individuals by statistical area 2 (SA2) - part 1,VAR_1_276,VAR_1_276,Individual,Census usually resident population count aged 15 years and over,2023,Count,Cisgender and transgender status,Cisgender and transgender status unidentifiable,"Subject pop: Census usually resident population count aged 15 years and over, Year: 2023, Measure: Count, Var1: Cisgender and transgender status (Cisgender and transgender status unidentifiable)"
2023 Census totals by topic for individuals by statistical area 2 (SA2) - part 1,VAR_1_277,VAR_1_277,Individual,Census usually resident population count aged 15 years and over,2023,Count,Cisgender and transgender status,Total,"Subject pop: Census usually resident population count aged 15 years and over, Year: 2023, Measure: Count, Var1: Cisgender and transgender status (Total)"
2023 Census totals by topic for individuals by statistical area 2 (SA2) - part 1,VAR_1_278,VAR_1_278,Individual,Census usually resident population count aged 15 years and over,2023,Count,Cisgender and transgender status,Total stated,"Subject pop: Census usually resident population count aged 15 years and over, Year: 2023, Measure: Count, Var1: Cisgender and transgender status (Total stated)"
2023 Census totals by topic for individuals by statistical area 2 (SA2) - part 1,VAR_1_279,VAR_1_279,Individual,Census usually resident population count,2013,Count,Sex at birth,Male/Tāne,"Subject pop: Census usually resident population count, Year: 2013, Measure: Count, Var1: Sex at birth (Male/Tāne)"
2023 Census totals by topic for individuals by statistical area 2 (SA2) - part 1,VAR_1_280,VAR_1_280,Individual,Census usually resident population count,2013,Count,Sex at birth,Female/Wahine,"Subject pop: Census usually resident population count, Year: 2013, Measure: Count, Var1: Sex at birth (Female/Wahine)"
2023 Census totals by topic for individuals by statistical area 2 (SA2) - part 1,VAR_1_281,VAR_1_281,Individual,Census usually resident population count,2013,Count,Sex at birth,Total,"Subject pop: Census usually resident population count, Year: 2013, Measure: Count, Var1: Sex at birth (Total)"
2023 Census totals by topic for individuals by statistical area 2 (SA2) - part 1,VAR_1_282,VAR_1_282,Individual,Census usually resident population count,2018,Count,Sex at birth,Male/Tāne,"Subject pop: Census usually resident population count, Year: 2018, Measure: Count, Var1: Sex at birth (Male/Tāne)"
2023 Census totals by topic for individuals by statistical area 2 (SA2) - part 1,VAR_1_283,VAR_1_283,Individual,Census usually resident population count,2018,Count,Sex at birth,Female/Wahine,"Subject pop: Census usually resident population count, Year: 2018, Measure: Count, Var1: Sex at birth (Female/Wahine)"
2023 Census totals by topic for individuals by statistical area 2 (SA2) - part 1,VAR_1_284,VAR_1_284,Individual,Census usually resident population count,2018,Count,Sex at birth,Total,"Subject pop: Census usually resident population count, Year: 2018, Measure: Count, Var1: Sex at birth (Total)"
2023 Census totals by topic for individuals by statistical area 2 (SA2) - part 1,VAR_1_285,VAR_1_285,Individual,Census usually resident population count,2023,Count,Sex at birth,Male/Tāne,"Subject pop: Census usually resident population count, Year: 2023, Measure: Count, Var1: Sex at birth (Male/Tāne)"
2023 Census totals by topic for individuals by statistical area 2 (SA2) - part 1,VAR_1_286,VAR_1_286,Individual,Census usually resident population count,2023,Count,Sex at birth,Female/Wahine,"Subject pop: Census usually resident population count, Year: 2023, Measure: Count, Var1: Sex at birth (Female/Wahine)"
2023 Census totals by topic for individuals by statistical area 2 (SA2) - part 1,VAR_1_287,VAR_1_287,Individual,Census usually resident population count,2023,Count,Sex at birth,Total,"Subject pop: Census usually resident population count, Year: 2023, Measure: Count, Var1: Sex at birth (Total)"
2023 Census totals by topic for individuals by statistical area 2 (SA2) - part 1,VAR_1_288,VAR_1_288,Individual,Census usually resident population count aged 15 years and over,2023,Count,Rainbow/LGBTIQ+ indicator,LGBTIQ+,"Subject pop: Census usually resident population count aged 15 years and over, Year: 2023, Measure: Count, Var1: Rainbow/LGBTIQ+ indicator (LGBTIQ+)"
2023 Census totals by topic for individuals by statistical area 2 (SA2) - part 1,VAR_1_289,VAR_1_289,Individual,Census usually resident population count aged 15 years and over,2023,Count,Rainbow/LGBTIQ+ indicator,Not LGBTIQ+,"Subject pop: Census usually resident population count aged 15 years and over, Year: 2023, Measure: Count, Var1: Rainbow/LGBTIQ+ indicator (Not LGBTIQ+)"
2023 Census totals by topic for individuals by statistical area 2 (SA2) - part 1,VAR_1_290,VAR_1_290,Individual,Census usually resident population count aged 15 years and over,2023,Count,Rainbow/LGBTIQ+ indicator,LGBTIQ+ status unidentifiable,"Subject pop: Census usually resident population count aged 15 years and over, Year: 2023, Measure: Count, Var1: Rainbow/LGBTIQ+ indicator (LGBTIQ+ status unidentifiable)"
2023 Census totals by topic for individuals by statistical area 2 (SA2) - part 1,VAR_1_291,VAR_1_291,Individual,Census usually resident population count aged 15 years and over,2023,Count,Rainbow/LGBTIQ+ indicator,Total,"Subject pop: Census usually resident population count aged 15 years and over, Year: 2023, Measure: Count, Var1: Rainbow/LGBTIQ+ indicator (Total)"
2023 Census totals by topic for individuals by statistical area 2 (SA2) - part 1,VAR_1_292,VAR_1_292,Individual,Census usually resident population count aged 15 years and over,2023,Count,Rainbow/LGBTIQ+ indicator,Total stated,"Subject pop: Census usually resident population count aged 15 years and over, Year: 2023, Measure: Count, Var1: Rainbow/LGBTIQ+ indicator (Total stated)"
2023 Census totals by topic for individuals by statistical area 2 (SA2) - part 1,VAR_1_293,VAR_1_293,Individual,Census usually resident population count aged 15 years and over,2023,Count,Sexual identity,Heterosexual,"Subject pop: Census usually resident population count aged 15 years and over, Year: 2023, Measure: Count, Var1: Sexual identity (Heterosexual)"
2023 Census totals by topic for individuals by statistical area 2 (SA2) - part 1,VAR_1_294,VAR_1_294,Individual,Census usually resident population count aged 15 years and over,2023,Count,Sexual identity,Homosexual,"Subject pop: Census usually resident population count aged 15 years and over, Year: 2023, Measure: Count, Var1: Sexual identity (Homosexual)"
2023 Census totals by topic for individuals by statistical area 2 (SA2) - part 1,VAR_1_295,VAR_1_295,Individual,Census usually resident population count aged 15 years and over,2023,Count,Sexual identity,Bisexual,"Subject pop: Census usually resident population count aged 15 years and over, Year: 2023, Measure: Count, Var1: Sexual identity (Bisexual)"
2023 Census totals by topic for individuals by statistical area 2 (SA2) - part 1,VAR_1_296,VAR_1_296,Individual,Census usually resident population count aged 15 years and over,2023,Count,Sexual identity,Sexual identity not elsewhere classified,"Subject pop: Census usually resident population count aged 15 years and over, Year: 2023, Measure: Count, Var1: Sexual identity (Sexual identity not elsewhere classified)"
2023 Census totals by topic for individuals by statistical area 2 (SA2) - part 1,VAR_1_297,VAR_1_297,Individual,Census usually resident population count aged 15 years and over,2023,Count,Sexual identity,Prefer not to say,"Subject pop: Census usually resident population count aged 15 years and over, Year: 2023, Measure: Count, Var1: Sexual identity (Prefer not to say)"
2023 Census totals by topic for individuals by statistical area 2 (SA2) - part 1,VAR_1_298,VAR_1_298,Individual,Census usually resident population count aged 15 years and over,2023,Count,Sexual identity,Not Elsewhere Included,"Subject pop: Census usually resident population count aged 15 years and over, Year: 2023, Measure: Count, Var1: Sexual identity (Not Elsewhere Included)"
2023 Census totals by topic for individuals by statistical area 2 (SA2) - part 1,VAR_1_299,VAR_1_299,Individual,Census usually resident population count aged 15 years and over,2023,Count,Sexual identity,Total,"Subject pop: Census usually resident population count aged 15 years and over, Year: 2023, Measure: Count, Var1: Sexual identity (Total)"
2023 Census totals by topic for individuals by statistical area 2 (SA2) - part 1,VAR_1_300,VAR_1_300,Individual,Census usually resident population count aged 15 years and over,2023,Count,Sexual identity,Total stated,"Subject pop: Census usually resident population count aged 15 years and over, Year: 2023, Measure: Count, Var1: Sexual identity (Total stated)"
2023 Census totals by topic for individuals by statistical area 2 (SA2) - part 1,VAR_1_301,VAR_1_301,Individual,Census usually resident population count aged 15 years and over,2013,Count,Legally registered relationship status,Married (not separated),"Subject pop: Census usually resident population count aged 15 years and over, Year: 2013, Measure: Count, Var1: Legally registered relationship status (Married (not separated))"
2023 Census totals by topic for individuals by statistical area 2 (SA2) - part 1,VAR_1_302,VAR_1_302,Individual,Census usually resident population count aged 15 years and over,2013,Count,Legally registered relationship status,Separated,"Subject pop: Census usually resident population count aged 15 years and over, Year: 2013, Measure: Count, Var1: Legally registered relationship status (Separated)"
2023 Census totals by topic for individuals by statistical area 2 (SA2) - part 1,VAR_1_303,VAR_1_303,Individual,Census usually resident population count aged 15 years and over,2013,Count,Legally registered relationship status,Divorced or dissolved,"Subject pop: Census usually resident population count aged 15 years and over, Year: 2013, Measure: Count, Var1: Legally registered relationship status (Divorced or dissolved)"
2023 Census totals by topic for individuals by statistical area 2 (SA2) - part 1,VAR_1_304,VAR_1_304,Individual,Census usually resident population count aged 15 years and over,2013,Count,Legally registered relationship status,Widowed or surviving civil union partner,"Subject pop: Census usually resident population count aged 15 years and over, Year: 2013, Measure: Count, Var1: Legally registered relationship status (Widowed or surviving civil union partner)"
2023 Census totals by topic for individuals by statistical area 2 (SA2) - part 1,VAR_1_305,VAR_1_305,Individual,Census usually resident population count aged 15 years and over,2013,Count,Legally registered relationship status,Never married and never in a civil union,"Subject pop: Census usually resident population count aged 15 years and over, Year: 2013, Measure: Count, Var1: Legally registered relationship status (Never married and never in a civil union)"
2023 Census totals by topic for individuals by statistical area 2 (SA2) - part 1,VAR_1_306,VAR_1_306,Individual,Census usually resident population count aged 15 years and over,2013,Count,Legally registered relationship status,Not elsewhere included,"Subject pop: Census usually resident population count aged 15 years and over, Year: 2013, Measure: Count, Var1: Legally registered relationship status (Not elsewhere included)"
2023 Census totals by topic for individuals by statistical area 2 (SA2) - part 1,VAR_1_307,VAR_1_307,Individual,Census usually resident population count aged 15 years and over,2013,Count,Legally registered relationship status,Total,"Subject pop: Census usually resident population count aged 15 years and over, Year: 2013, Measure: Count, Var1: Legally registered relationship status (Total)"
2023 Census totals by topic for individuals by statistical area 2 (SA2) - part 1,VAR_1_308,VAR_1_308,Individual,Census usually resident population count aged 15 years and over,2013,Count,Legally registered relationship status,Total stated,"Subject pop: Census usually resident population count aged 15 years and over, Year: 2013, Measure: Count, Var1: Legally registered relationship status (Total stated)"
2023 Census totals by topic for individuals by statistical area 2 (SA2) - part 1,VAR_1_309,VAR_1_309,Individual,Census usually resident population count aged 15 years and over,2018,Count,Legally registered relationship status,Married (not separated),"Subject pop: Census usually resident population count aged 15 years and over, Year: 2018, Measure: Count, Var1: Legally registered relationship status (Married (not separated))"
2023 Census totals by topic for individuals by statistical area 2 (SA2) - part 1,VAR_1_310,VAR_1_310,Individual,Census usually resident population count aged 15 years and over,2018,Count,Legally registered relationship status,Separated,"Subject pop: Census usually resident population count aged 15 years and over, Year: 2018, Measure: Count, Var1: Legally registered relationship status (Separated)"
2023 Census totals by topic for individuals by statistical area 2 (SA2) - part 1,VAR_1_311,VAR_1_311,Individual,Census usually resident population count aged 15 years and over,2018,Count,Legally registered relationship status,Divorced or dissolved,"Subject pop: Census usually resident population count aged 15 years and over, Year: 2018, Measure: Count, Var1: Legally registered relationship status (Divorced or dissolved)"
2023 Census totals by topic for individuals by statistical area 2 (SA2) - part 1,VAR_1_312,VAR_1_312,Individual,Census usually resident population count aged 15 years and over,2018,Count,Legally registered relationship status,Widowed or surviving civil union partner,"Subject pop: Census usually resident population count aged 15 years and over, Year: 2018, Measure: Count, Var1: Legally registered relationship status (Widowed or surviving civil union partner)"
2023 Census totals by topic for individuals by statistical area 2 (SA2) - part 1,VAR_1_313,VAR_1_313,Individual,Census usually resident population count aged 15 years and over,2018,Count,Legally registered relationship status,Never married and never in a civil union,"Subject pop: Census usually resident population count aged 15 years and over, Year: 2018, Measure: Count, Var1: Legally registered relationship status (Never married and never in a civil union)"
2023 Census totals by topic for individuals by statistical area 2 (SA2) - part 1,VAR_1_314,VAR_1_314,Individual,Census usually resident population count aged 15 years and over,2018,Count,Legally registered relationship status,Not elsewhere included,"Subject pop: Census usually resident population count aged 15 years and over, Year: 2018, Measure: Count, Var1: Legally registered relationship status (Not elsewhere included)"
2023 Census totals by topic for individuals by statistical area 2 (SA2) - part 1,VAR_1_315,VAR_1_315,Individual,Census usually resident population count aged 15 years and over,2018,Count,Legally registered relationship status,Total,"Subject pop: Census usually resident population count aged 15 years and over, Year: 2018, Measure: Count, Var1: Legally registered relationship status (Total)"
2023 Census totals by topic for individuals by statistical area 2 (SA2) - part 1,VAR_1_316,VAR_1_316,Individual,Census usually resident population count aged 15 years and over,2018,Count,Legally registered relationship status,Total stated,"Subject pop: Census usually resident population count aged 15 years and over, Year: 2018, Measure: Count, Var1: Legally registered relationship status (Total stated)"
2023 Census totals by topic for individuals by statistical area 2 (SA2) - part 1,VAR_1_317,VAR_1_317,Individual,Census usually resident population count aged 15 years and over,2023,Count,Legally registered relationship status,Married (Not Separated),"Subject pop: Census usually resident population count aged 15 years and over, Year: 2023, Measure: Count, Var1: Legally registered relationship status (Married (Not Separated))"
2023 Census totals by topic for individuals by statistical area 2 (SA2) - part 1,VAR_1_318,VAR_1_318,Individual,Census usually resident population count aged 15 years and over,2023,Count,Legally registered relationship status,Civil Union (Not Separated),"Subject pop: Census usually resident population count aged 15 years and over, Year: 2023, Measure: Count, Var1: Legally registered relationship status (Civil Union (Not Separated))"
2023 Census totals by topic for individuals by statistical area 2 (SA2) - part 1,VAR_1_319,VAR_1_319,Individual,Census usually resident population count aged 15 years and over,2023,Count,Legally registered relationship status,Separated,"Subject pop: Census usually resident population count aged 15 years and over, Year: 2023, Measure: Count, Var1: Legally registered relationship status (Separated)"
2023 Census totals by topic for individuals by statistical area 2 (SA2) - part 1,VAR_1_320,VAR_1_320,Individual,Census usually resident population count aged 15 years and over,2023,Count,Legally registered relationship status,Divorced or dissolved,"Subject pop: Census usually resident population count aged 15 years and over, Year: 2023, Measure: Count, Var1: Legally registered relationship status (Divorced or dissolved)"
2023 Census totals by topic for individuals by statistical area 2 (SA2) - part 1,VAR_1_321,VAR_1_321,Individual,Census usually resident population count aged 15 years and over,2023,Count,Legally registered relationship status,Widowed or surviving civil union partner,"Subject pop: Census usually resident population count aged 15 years and over, Year: 2023, Measure: Count, Var1: Legally registered relationship status (Widowed or surviving civil union partner)"
2023 Census totals by topic for individuals by statistical area 2 (SA2) - part 1,VAR_1_322,VAR_1_322,Individual,Census usually resident population count aged 15 years and over,2023,Count,Legally registered relationship status,Never married and never in a civil union,"Subject pop: Census usually resident population count aged 15 years and over, Year: 2023, Measure: Count, Var1: Legally registered relationship status (Never married and never in a civil union)"
2023 Census totals by topic for individuals by statistical area 2 (SA2) - part 1,VAR_1_323,VAR_1_323,Individual,Census usually resident population count aged 15 years and over,2023,Count,Legally registered relationship status,Not elsewhere included,"Subject pop: Census usually resident population count aged 15 years and over, Year: 2023, Measure: Count, Var1: Legally registered relationship status (Not elsewhere included)"
2023 Census totals by topic for individuals by statistical area 2 (SA2) - part 1,VAR_1_324,VAR_1_324,Individual,Census usually resident population count aged 15 years and over,2023,Count,Legally registered relationship status,Total,"Subject pop: Census usually resident population count aged 15 years and over, Year: 2023, Measure: Count, Var1: Legally registered relationship status (Total)"
2023 Census totals by topic for individuals by statistical area 2 (SA2) - part 1,VAR_1_325,VAR_1_325,Individual,Census usually resident population count aged 15 years and over,2023,Count,Legally registered relationship status,Total stated,"Subject pop: Census usually resident population count aged 15 years and over, Year: 2023, Measure: Count, Var1: Legally registered relationship status (Total stated)"
2023 Census totals by topic for individuals by statistical area 2 (SA2) - part 1,VAR_1_326,VAR_1_326,Individual,Census usually resident population count aged 15 years and over,2013,Count,Partnership status in current relationship,Partnered,"Subject pop: Census usually resident population count aged 15 years and over, Year: 2013, Measure: Count, Var1: Partnership status in current relationship (Partnered)"
2023 Census totals by topic for individuals by statistical area 2 (SA2) - part 1,VAR_1_327,VAR_1_327,Individual,Census usually resident population count aged 15 years and over,2013,Count,Partnership status in current relationship,Non-partnered,"Subject pop: Census usually resident population count aged 15 years and over, Year: 2013, Measure: Count, Var1: Partnership status in current relationship (Non-partnered)"
2023 Census totals by topic for individuals by statistical area 2 (SA2) - part 1,VAR_1_328,VAR_1_328,Individual,Census usually resident population count aged 15 years and over,2013,Count,Partnership status in current relationship,Not stated,"Subject pop: Census usually resident population count aged 15 years and over, Year: 2013, Measure: Count, Var1: Partnership status in current relationship (Not stated)"
2023 Census totals by topic for individuals by statistical area 2 (SA2) - part 1,VAR_1_329,VAR_1_329,Individual,Census usually resident population count aged 15 years and over,2013,Count,Partnership status in current relationship,Total,"Subject pop: Census usually resident population count aged 15 years and over, Year: 2013, Measure: Count, Var1: Partnership status in current relationship (Total)"
2023 Census totals by topic for individuals by statistical area 2 (SA2) - part 1,VAR_1_330,VAR_1_330,Individual,Census usually resident population count aged 15 years and over,2013,Count,Partnership status in current relationship,Total stated,"Subject pop: Census usually resident population count aged 15 years and over, Year: 2013, Measure: Count, Var1: Partnership status in current relationship (Total stated)"
2023 Census totals by topic for individuals by statistical area 2 (SA2) - part 1,VAR_1_331,VAR_1_331,Individual,Census usually resident population count aged 15 years and over,2018,Count,Partnership status in current relationship,Partnered,"Subject pop: Census usually resident population count aged 15 years and over, Year: 2018, Measure: Count, Var1: Partnership status in current relationship (Partnered)"
2023 Census totals by topic for individuals by statistical area 2 (SA2) - part 1,VAR_1_332,VAR_1_332,Individual,Census usually resident population count aged 15 years and over,2018,Count,Partnership status in current relationship,Non-partnered,"Subject pop: Census usually resident population count aged 15 years and over, Year: 2018, Measure: Count, Var1: Partnership status in current relationship (Non-partnered)"
2023 Census totals by topic for individuals by statistical area 2 (SA2) - part 1,VAR_1_333,VAR_1_333,Individual,Census usually resident population count aged 15 years and over,2018,Count,Partnership status in current relationship,Not stated,"Subject pop: Census usually resident population count aged 15 years and over, Year: 2018, Measure: Count, Var1: Partnership status in current relationship (Not stated)"
2023 Census totals by topic for individuals by statistical area 2 (SA2) - part 1,VAR_1_334,VAR_1_334,Individual,Census usually resident population count aged 15 years and over,2018,Count,Partnership status in current relationship,Total,"Subject pop: Census usually resident population count aged 15 years and over, Year: 2018, Measure: Count, Var1: Partnership status in current relationship (Total)"
2023 Census totals by topic for individuals by statistical area 2 (SA2) - part 1,VAR_1_335,VAR_1_335,Individual,Census usually resident population count aged 15 years and over,2018,Count,Partnership status in current relationship,Total stated,"Subject pop: Census usually resident population count aged 15 years and over, Year: 2018, Measure: Count, Var1: Partnership status in current relationship (Total stated)"
2023 Census totals by topic for individuals by statistical area 2 (SA2) - part 1,VAR_1_336,VAR_1_336,Individual,Census usually resident population count aged 15 years and over,2023,Count,Partnership status in current relationship,Partnered,"Subject pop: Census usually resident population count aged 15 years and over, Year: 2023, Measure: Count, Var1: Partnership status in current relationship (Partnered)"
2023 Census totals by topic for individuals by statistical area 2 (SA2) - part 1,VAR_1_337,VAR_1_337,Individual,Census usually resident population count aged 15 years and over,2023,Count,Partnership status in current relationship,Non-partnered,"Subject pop: Census usually resident population count aged 15 years and over, Year: 2023, Measure: Count, Var1: Partnership status in current relationship (Non-partnered)"
2023 Census totals by topic for individuals by statistical area 2 (SA2) - part 1,VAR_1_338,VAR_1_338,Individual,Census usually resident population count aged 15 years and over,2023,Count,Partnership status in current relationship,Not stated,"Subject pop: Census usually resident population count aged 15 years and over, Year: 2023, Measure: Count, Var1: Partnership status in current relationship (Not stated)"
2023 Census totals by topic for individuals by statistical area 2 (SA2) - part 1,VAR_1_339,VAR_1_339,Individual,Census usually resident population count aged 15 years and over,2023,Count,Partnership status in current relationship,Total,"Subject pop: Census usually resident population count aged 15 years and over, Year: 2023, Measure: Count, Var1: Partnership status in current relationship (Total)"
2023 Census totals by topic for individuals by statistical area 2 (SA2) - part 1,VAR_1_340,VAR_1_340,Individual,Census usually resident population count aged 15 years and over,2023,Count,Partnership status in current relationship,Total stated,"Subject pop: Census usually resident population count aged 15 years and over, Year: 2023, Measure: Count, Var1: Partnership status in current relationship (Total stated)"
2023 Census totals by topic for individuals by statistical area 2 (SA2) - part 1,VAR_1_341,VAR_1_341,Individual,Sex at birth female census usually resident population count aged 15 years and over,2013,Mean,Number of children born,Average,"Subject pop: Sex at birth female census usually resident population count aged 15 years and over, Year: 2013, Measure: Mean, Var1: Number of children born (Average)"
2023 Census totals by topic for individuals by statistical area 2 (SA2) - part 1,VAR_1_342,VAR_1_342,Individual,Sex at birth female census usually resident population count aged 15 years and over,2013,Count,Number of children born,No children,"Subject pop: Sex at birth female census usually resident population count aged 15 years and over, Year: 2013, Measure: Count, Var1: Number of children born (No children)"
2023 Census totals by topic for individuals by statistical area 2 (SA2) - part 1,VAR_1_343,VAR_1_343,Individual,Sex at birth female census usually resident population count aged 15 years and over,2013,Count,Number of children born,One child,"Subject pop: Sex at birth female census usually resident population count aged 15 years and over, Year: 2013, Measure: Count, Var1: Number of children born (One child)"
2023 Census totals by topic for individuals by statistical area 2 (SA2) - part 1,VAR_1_344,VAR_1_344,Individual,Sex at birth female census usually resident population count aged 15 years and over,2013,Count,Number of children born,Two children,"Subject pop: Sex at birth female census usually resident population count aged 15 years and over, Year: 2013, Measure: Count, Var1: Number of children born (Two children)"
2023 Census totals by topic for individuals by statistical area 2 (SA2) - part 1,VAR_1_345,VAR_1_345,Individual,Sex at birth female census usually resident population count aged 15 years and over,2013,Count,Number of children born,Three children,"Subject pop: Sex at birth female census usually resident population count aged 15 years and over, Year: 2013, Measure: Count, Var1: Number of children born (Three children)"
2023 Census totals by topic for individuals by statistical area 2 (SA2) - part 1,VAR_1_346,VAR_1_346,Individual,Sex at birth female census usually resident population count aged 15 years and over,2013,Count,Number of children born,Four children,"Subject pop: Sex at birth female census usually resident population count aged 15 years and over, Year: 2013, Measure: Count, Var1: Number of children born (Four children)"
2023 Census totals by topic for individuals by statistical area 2 (SA2) - part 1,VAR_1_347,VAR_1_347,Individual,Sex at birth female census usually resident population count aged 15 years and over,2013,Count,Number of children born,Five children,"Subject pop: Sex at birth female census usually resident population count aged 15 years and over, Year: 2013, Measure: Count, Var1: Number of children born (Five children)"
2023 Census totals by topic for individuals by statistical area 2 (SA2) - part 1,VAR_1_348,VAR_1_348,Individual,Sex at birth female census usually resident population count aged 15 years and over,2013,Count,Number of children born,Six or more children,"Subject pop: Sex at birth female census usually resident population count aged 15 years and over, Year: 2013, Measure: Count, Var1: Number of children born (Six or more children)"
2023 Census totals by topic for individuals by statistical area 2 (SA2) - part 1,VAR_1_349,VAR_1_349,Individual,Sex at birth female census usually resident population count aged 15 years and over,2013,Count,Number of children born,Object to answering,"Subject pop: Sex at birth female census usually resident population count aged 15 years and over, Year: 2013, Measure: Count, Var1: Number of children born (Object to answering)"
2023 Census totals by topic for individuals by statistical area 2 (SA2) - part 1,VAR_1_350,VAR_1_350,Individual,Sex at birth female census usually resident population count aged 15 years and over,2013,Count,Number of children born,Not elsewhere included,"Subject pop: Sex at birth female census usually resident population count aged 15 years and over, Year: 2013, Measure: Count, Var1: Number of children born (Not elsewhere included)"
2023 Census totals by topic for individuals by statistical area 2 (SA2) - part 1,VAR_1_351,VAR_1_351,Individual,Sex at birth female census usually resident population count aged 15 years and over,2013,Count,Number of children born,Total,"Subject pop: Sex at birth female census usually resident population count aged 15 years and over, Year: 2013, Measure: Count, Var1: Number of children born (Total)"
2023 Census totals by topic for individuals by statistical area 2 (SA2) - part 1,VAR_1_352,VAR_1_352,Individual,Sex at birth female census usually resident population count aged 15 years and over,2013,Count,Number of children born,Total stated,"Subject pop: Sex at birth female census usually resident population count aged 15 years and over, Year: 2013, Measure: Count, Var1: Number of children born (Total stated)"
2023 Census totals by topic for individuals by statistical area 2 (SA2) - part 1,VAR_1_353,VAR_1_353,Individual,Sex at birth female census usually resident population count aged 15 years and over,2018,Mean,Number of children born,Average,"Subject pop: Sex at birth female census usually resident population count aged 15 years and over, Year: 2018, Measure: Mean, Var1: Number of children born (Average)"
2023 Census totals by topic for individuals by statistical area 2 (SA2) - part 1,VAR_1_354,VAR_1_354,Individual,Sex at birth female census usually resident population count aged 15 years and over,2018,Count,Number of children born,No children,"Subject pop: Sex at birth female census usually resident population count aged 15 years and over, Year: 2018, Measure: Count, Var1: Number of children born (No children)"
2023 Census totals by topic for individuals by statistical area 2 (SA2) - part 1,VAR_1_355,VAR_1_355,Individual,Sex at birth female census usually resident population count aged 15 years and over,2018,Count,Number of children born,One child,"Subject pop: Sex at birth female census usually resident population count aged 15 years and over, Year: 2018, Measure: Count, Var1: Number of children born (One child)"
2023 Census totals by topic for individuals by statistical area 2 (SA2) - part 1,VAR_1_356,VAR_1_356,Individual,Sex at birth female census usually resident population count aged 15 years and over,2018,Count,Number of children born,Two children,"Subject pop: Sex at birth female census usually resident population count aged 15 years and over, Year: 2018, Measure: Count, Var1: Number of children born (Two children)"
2023 Census totals by topic for individuals by statistical area 2 (SA2) - part 1,VAR_1_357,VAR_1_357,Individual,Sex at birth female census usually resident population count aged 15 years and over,2018,Count,Number of children born,Three children,"Subject pop: Sex at birth female census usually resident population count aged 15 years and over, Year: 2018, Measure: Count, Var1: Number of children born (Three children)"
2023 Census totals by topic for individuals by statistical area 2 (SA2) - part 1,VAR_1_358,VAR_1_358,Individual,Sex at birth female census usually resident population count aged 15 years and over,2018,Count,Number of children born,Four children,"Subject pop: Sex at birth female census usually resident population count aged 15 years and over, Year: 2018, Measure: Count, Var1: Number of children born (Four children)"
2023 Census totals by topic for individuals by statistical area 2 (SA2) - part 1,VAR_1_359,VAR_1_359,Individual,Sex at birth female census usually resident population count aged 15 years and over,2018,Count,Number of children born,Five children,"Subject pop: Sex at birth female census usually resident population count aged 15 years and over, Year: 2018, Measure: Count, Var1: Number of children born (Five children)"
2023 Census totals by topic for individuals by statistical area 2 (SA2) - part 1,VAR_1_360,VAR_1_360,Individual,Sex at birth female census usually resident population count aged 15 years and over,2018,Count,Number of children born,Six or more children,"Subject pop: Sex at birth female census usually resident population count aged 15 years and over, Year: 2018, Measure: Count, Var1: Number of children born (Six or more children)"
2023 Census totals by topic for individuals by statistical area 2 (SA2) - part 1,VAR_1_361,VAR_1_361,Individual,Sex at birth female census usually resident population count aged 15 years and over,2018,Count,Number of children born,Object to answering,"Subject pop: Sex at birth female census usually resident population count aged 15 years and over, Year: 2018, Measure: Count, Var1: Number of children born (Object to answering)"
2023 Census totals by topic for individuals by statistical area 2 (SA2) - part 1,VAR_1_362,VAR_1_362,Individual,Sex at birth female census usually resident population count aged 15 years and over,2018,Count,Number of children born,Not elsewhere included,"Subject pop: Sex at birth female census usually resident population count aged 15 years and over, Year: 2018, Measure: Count, Var1: Number of children born (Not elsewhere included)"
2023 Census totals by topic for individuals by statistical area 2 (SA2) - part 1,VAR_1_363,VAR_1_363,Individual,Sex at birth female census usually resident population count aged 15 years and over,2018,Count,Number of children born,Total,"Subject pop: Sex at birth female census usually resident population count aged 15 years and over, Year: 2018, Measure: Count, Var1: Number of children born (Total)"
2023 Census totals by topic for individuals by statistical area 2 (SA2) - part 1,VAR_1_364,VAR_1_364,Individual,Sex at birth female census usually resident population count aged 15 years and over,2018,Count,Number of children born,Total stated,"Subject pop: Sex at birth female census usually resident population count aged 15 years and over, Year: 2018, Measure: Count, Var1: Number of children born (Total stated)"
2023 Census totals by topic for individuals by statistical area 2 (SA2) - part 1,VAR_1_365,VAR_1_365,Individual,Sex at birth female census usually resident population count aged 15 years and over,2023,Mean,Number of children born,Average,"Subject pop: Sex at birth female census usually resident population count aged 15 years and over, Year: 2023, Measure: Mean, Var1: Number of children born (Average)"
2023 Census totals by topic for individuals by statistical area 2 (SA2) - part 1,VAR_1_366,VAR_1_366,Individual,Sex at birth female census usually resident population count aged 15 years and over,2023,Count,Number of children born,No children,"Subject pop: Sex at birth female census usually resident population count aged 15 years and over, Year: 2023, Measure: Count, Var1: Number of children born (No children)"
2023 Census totals by topic for individuals by statistical area 2 (SA2) - part 1,VAR_1_367,VAR_1_367,Individual,Sex at birth female census usually resident population count aged 15 years and over,2023,Count,Number of children born,One child,"Subject pop: Sex at birth female census usually resident population count aged 15 years and over, Year: 2023, Measure: Count, Var1: Number of children born (One child)"
2023 Census totals by topic for individuals by statistical area 2 (SA2) - part 1,VAR_1_368,VAR_1_368,Individual,Sex at birth female census usually resident population count aged 15 years and over,2023,Count,Number of children born,Two children,"Subject pop: Sex at birth female census usually resident population count aged 15 years and over, Year: 2023, Measure: Count, Var1: Number of children born (Two children)"
2023 Census totals by topic for individuals by statistical area 2 (SA2) - part 1,VAR_1_369,VAR_1_369,Individual,Sex at birth female census usually resident population count aged 15 years and over,2023,Count,Number of children born,Three children,"Subject pop: Sex at birth female census usually resident population count aged 15 years and over, Year: 2023, Measure: Count, Var1: Number of children born (Three children)"
2023 Census totals by topic for individuals by statistical area 2 (SA2) - part 1,VAR_1_370,VAR_1_370,Individual,Sex at birth female census usually resident population count aged 15 years and over,2023,Count,Number of children born,Four children,"Subject pop: Sex at birth female census usually resident population count aged 15 years and over, Year: 2023, Measure: Count, Var1: Number of children born (Four children)"
2023 Census totals by topic for individuals by statistical area 2 (SA2) - part 1,VAR_1_371,VAR_1_371,Individual,Sex at birth female census usually resident population count aged 15 years and over,2023,Count,Number of children born,Five children,"Subject pop: Sex at birth female census usually resident population count aged 15 years and over, Year: 2023, Measure: Count, Var1: Number of children born (Five children)"
2023 Census totals by topic for individuals by statistical area 2 (SA2) - part 1,VAR_1_372,VAR_1_372,Individual,Sex at birth female census usually resident population count aged 15 years and over,2023,Count,Number of children born,Six or more children,"Subject pop: Sex at birth female census usually resident population count aged 15 years and over, Year: 2023, Measure: Count, Var1: Number of children born (Six or more children)"
2023 Census totals by topic for individuals by statistical area 2 (SA2) - part 1,VAR_1_373,VAR_1_373,Individual,Sex at birth female census usually resident population count aged 15 years and over,2023,Count,Number of children born,Object to answering,"Subject pop: Sex at birth female census usually resident population count aged 15 years and over, Year: 2023, Measure: Count, Var1: Number of children born (Object to answering)"
2023 Census totals by topic for individuals by statistical area 2 (SA2) - part 1,VAR_1_374,VAR_1_374,Individual,Sex at birth female census usually resident population count aged 15 years and over,2023,Count,Number of children born,Not elsewhere included,"Subject pop: Sex at birth female census usually resident population count aged 15 years and over, Year: 2023, Measure: Count, Var1: Number of children born (Not elsewhere included)"
2023 Census totals by topic for individuals by statistical area 2 (SA2) - part 1,VAR_1_375,VAR_1_375,Individual,Sex at birth female census usually resident population count aged 15 years and over,2023,Count,Number of children born,Total,"Subject pop: Sex at birth female census usually resident population count aged 15 years and over, Year: 2023, Measure: Count, Var1: Number of children born (Total)"
2023 Census totals by topic for individuals by statistical area 2 (SA2) - part 1,VAR_1_376,VAR_1_376,Individual,Sex at birth female census usually resident population count aged 15 years and over,2023,Count,Number of children born,Total stated,"Subject pop: Sex at birth female census usually resident population count aged 15 years and over, Year: 2023, Measure: Count, Var1: Number of children born (Total stated)"
2023 Census totals by topic for individuals by statistical area 2 (SA2) - part 1,VAR_1_377,VAR_1_377,Individual,Census usually resident population count,2013,Count,Religious affiliation (total responses),No Religion,"Subject pop: Census usually resident population count, Year: 2013, Measure: Count, Var1: Religious affiliation (No Religion)"
2023 Census totals by topic for individuals by statistical area 2 (SA2) - part 1,VAR_1_378,VAR_1_378,Individual,Census usually resident population count,2013,Count,Religious affiliation (total responses),Buddhism,"Subject pop: Census usually resident population count, Year: 2013, Measure: Count, Var1: Religious affiliation (Buddhism)"
2023 Census totals by topic for individuals by statistical area 2 (SA2) - part 1,VAR_1_379,VAR_1_379,Individual,Census usually resident population count,2013,Count,Religious affiliation (total responses),Christian,"Subject pop: Census usually resident population count, Year: 2013, Measure: Count, Var1: Religious affiliation (Christian)"
2023 Census totals by topic for individuals by statistical area 2 (SA2) - part 1,VAR_1_380,VAR_1_380,Individual,Census usually resident population count,2013,Count,Religious affiliation (total responses),Hinduism,"Subject pop: Census usually resident population count, Year: 2013, Measure: Count, Var1: Religious affiliation (Hinduism)"
2023 Census totals by topic for individuals by statistical area 2 (SA2) - part 1,VAR_1_381,VAR_1_381,Individual,Census usually resident population count,2013,Count,Religious affiliation (total responses),Islam,"Subject pop: Census usually resident population count, Year: 2013, Measure: Count, Var1: Religious affiliation (Islam)"
2023 Census totals by topic for individuals by statistical area 2 (SA2) - part 1,VAR_1_382,VAR_1_382,Individual,Census usually resident population count,2013,Count,Religious affiliation (total responses),Judaism,"Subject pop: Census usually resident population count, Year: 2013, Measure: Count, Var1: Religious affiliation (Judaism)"
2023 Census totals by topic for individuals by statistical area 2 (SA2) - part 1,VAR_1_383,VAR_1_383,Individual,Census usually resident population count,2013,Count,Religious affiliation (total responses),"Māori Religions, Beliefs and Philosophies","Subject pop: Census usually resident population count, Year: 2013, Measure: Count, Var1: Religious affiliation (Māori Religions, Beliefs and Philosophies)"
2023 Census totals by topic for individuals by statistical area 2 (SA2) - part 1,VAR_1_384,VAR_1_384,Individual,Census usually resident population count,2013,Count,Religious affiliation (total responses),Spiritualism and New Age Religions,"Subject pop: Census usually resident population count, Year: 2013, Measure: Count, Var1: Religious affiliation (Spiritualism and New Age Religions)"
2023 Census totals by topic for individuals by statistical area 2 (SA2) - part 1,VAR_1_385,VAR_1_385,Individual,Census usually resident population count,2013,Count,Religious affiliation (total responses),"Other Religions, Beliefs and Philosophies","Subject pop: Census usually resident population count, Year: 2013, Measure: Count, Var1: Religious affiliation (Other Religions, Beliefs and Philosophies)"
2023 Census totals by topic for individuals by statistical area 2 (SA2) - part 1,VAR_1_386,VAR_1_386,Individual,Census usually resident population count,2013,Count,Religious affiliation (total responses),Object to answering,"Subject pop: Census usually resident population count, Year: 2013, Measure: Count, Var1: Religious affiliation (Object to answering)"
2023 Census totals by topic for individuals by statistical area 2 (SA2) - part 1,VAR_1_387,VAR_1_387,Individual,Census usually resident population count,2013,Count,Religious affiliation (total responses),Residual Categories,"Subject pop: Census usually resident population count, Year: 2013, Measure: Count, Var1: Religious affiliation (Residual Categories)"
2023 Census totals by topic for individuals by statistical area 2 (SA2) - part 1,VAR_1_388,VAR_1_388,Individual,Census usually resident population count,2013,Count,Religious affiliation (total responses),Total,"Subject pop: Census usually resident population count, Year: 2013, Measure: Count, Var1: Religious affiliation (Total)"
2023 Census totals by topic for individuals by statistical area 2 (SA2) - part 1,VAR_1_389,VAR_1_389,Individual,Census usually resident population count,2013,Count,Religious affiliation (total responses),Total stated,"Subject pop: Census usually resident population count, Year: 2013, Measure: Count, Var1: Religious affiliation (Total stated)"
2023 Census totals by topic for individuals by statistical area 2 (SA2) - part 1,VAR_1_390,VAR_1_390,Individual,Census usually resident population count,2018,Count,Religious affiliation (total responses),No Religion,"Subject pop: Census usually resident population count, Year: 2018, Measure: Count, Var1: Religious affiliation (No Religion)"
2023 Census totals by topic for individuals by statistical area 2 (SA2) - part 1,VAR_1_391,VAR_1_391,Individual,Census usually resident population count,2018,Count,Religious affiliation (total responses),Buddhism,"Subject pop: Census usually resident population count, Year: 2018, Measure: Count, Var1: Religious affiliation (Buddhism)"
2023 Census totals by topic for individuals by statistical area 2 (SA2) - part 1,VAR_1_392,VAR_1_392,Individual,Census usually resident population count,2018,Count,Religious affiliation (total responses),Christian,"Subject pop: Census usually resident population count, Year: 2018, Measure: Count, Var1: Religious affiliation (Christian)"
2023 Census totals by topic for individuals by statistical area 2 (SA2) - part 1,VAR_1_393,VAR_1_393,Individual,Census usually resident population count,2018,Count,Religious affiliation (total responses),Hinduism,"Subject pop: Census usually resident population count, Year: 2018, Measure: Count, Var1: Religious affiliation (Hinduism)"
2023 Census totals by topic for individuals by statistical area 2 (SA2) - part 1,VAR_1_394,VAR_1_394,Individual,Census usually resident population count,2018,Count,Religious affiliation (total responses),Islam,"Subject pop: Census usually resident population count, Year: 2018, Measure: Count, Var1: Religious affiliation (Islam)"
2023 Census totals by topic for individuals by statistical area 2 (SA2) - part 1,VAR_1_395,VAR_1_395,Individual,Census usually resident population count,2018,Count,Religious affiliation (total responses),Judaism,"Subject pop: Census usually resident population count, Year: 2018, Measure: Count, Var1: Religious affiliation (Judaism)"
2023 Census totals by topic for individuals by statistical area 2 (SA2) - part 1,VAR_1_396,VAR_1_396,Individual,Census usually resident population count,2018,Count,Religious affiliation (total responses),"Māori Religions, Beliefs and Philosophies","Subject pop: Census usually resident population count, Year: 2018, Measure: Count, Var1: Religious affiliation (Māori Religions, Beliefs and Philosophies)"
2023 Census totals by topic for individuals by statistical area 2 (SA2) - part 1,VAR_1_397,VAR_1_397,Individual,Census usually resident population count,2018,Count,Religious affiliation (total responses),Spiritualism and New Age Religions,"Subject pop: Census usually resident population count, Year: 2018, Measure: Count, Var1: Religious affiliation (Spiritualism and New Age Religions)"
2023 Census totals by topic for individuals by statistical area 2 (SA2) - part 1,VAR_1_398,VAR_1_398,Individual,Census usually resident population count,2018,Count,Religious affiliation (total responses),"Other Religions, Beliefs and Philosophies","Subject pop: Census usually resident population count, Year: 2018, Measure: Count, Var1: Religious affiliation (Other Religions, Beliefs and Philosophies)"
2023 Census totals by topic for individuals by statistical area 2 (SA2) - part 1,VAR_1_399,VAR_1_399,Individual,Census usually resident population count,2018,Count,Religious affiliation (total responses),Object to answering,"Subject pop: Census usually resident population count, Year: 2018, Measure: Count, Var1: Religious affiliation (Object to answering)"
2023 Census totals by topic for individuals by statistical area 2 (SA2) - part 1,VAR_1_400,VAR_1_400,Individual,Census usually resident population count,2018,Count,Religious affiliation (total responses),Residual Categories,"Subject pop: Census usually resident population count, Year: 2018, Measure: Count, Var1: Religious affiliation (Residual Categories)"
2023 Census totals by topic for individuals by statistical area 2 (SA2) - part 1,VAR_1_401,VAR_1_401,Individual,Census usually resident population count,2018,Count,Religious affiliation (total responses),Total,"Subject pop: Census usually resident population count, Year: 2018, Measure: Count, Var1: Religious affiliation (Total)"
2023 Census totals by topic for individuals by statistical area 2 (SA2) - part 1,VAR_1_402,VAR_1_402,Individual,Census usually resident population count,2018,Count,Religious affiliation (total responses),Total stated,"Subject pop: Census usually resident population count, Year: 2018, Measure: Count, Var1: Religious affiliation (Total stated)"
2023 Census totals by topic for individuals by statistical area 2 (SA2) - part 1,VAR_1_403,VAR_1_403,Individual,Census usually resident population count,2023,Count,Religious affiliation (total responses),No Religion,"Subject pop: Census usually resident population count, Year: 2023, Measure: Count, Var1: Religious affiliation (No Religion)"
2023 Census totals by topic for individuals by statistical area 2 (SA2) - part 1,VAR_1_404,VAR_1_404,Individual,Census usually resident population count,2023,Count,Religious affiliation (total responses),Buddhism,"Subject pop: Census usually resident population count, Year: 2023, Measure: Count, Var1: Religious affiliation (Buddhism)"
2023 Census totals by topic for individuals by statistical area 2 (SA2) - part 1,VAR_1_405,VAR_1_405,Individual,Census usually resident population count,2023,Count,Religious affiliation (total responses),Christian,"Subject pop: Census usually resident population count, Year: 2023, Measure: Count, Var1: Religious affiliation (Christian)"
2023 Census totals by topic for individuals by statistical area 2 (SA2) - part 1,VAR_1_406,VAR_1_406,Individual,Census usually resident population count,2023,Count,Religious affiliation (total responses),Hinduism,"Subject pop: Census usually resident population count, Year: 2023, Measure: Count, Var1: Religious affiliation (Hinduism)"
2023 Census totals by topic for individuals by statistical area 2 (SA2) - part 1,VAR_1_407,VAR_1_407,Individual,Census usually resident population count,2023,Count,Religious affiliation (total responses),Islam,"Subject pop: Census usually resident population count, Year: 2023, Measure: Count, Var1: Religious affiliation (Islam)"
2023 Census totals by topic for individuals by statistical area 2 (SA2) - part 1,VAR_1_408,VAR_1_408,Individual,Census usually resident population count,2023,Count,Religious affiliation (total responses),Judaism,"Subject pop: Census usually resident population count, Year: 2023, Measure: Count, Var1: Religious affiliation (Judaism)"
2023 Census totals by topic for individuals by statistical area 2 (SA2) - part 1,VAR_1_409,VAR_1_409,Individual,Census usually resident population count,2023,Count,Religious affiliation (total responses),"Māori Religions, Beliefs and Philosophies","Subject pop: Census usually resident population count, Year: 2023, Measure: Count, Var1: Religious affiliation (Māori Religions, Beliefs and Philosophies)"
2023 Census totals by topic for individuals by statistical area 2 (SA2) - part 1,VAR_1_410,VAR_1_410,Individual,Census usually resident population count,2023,Count,Religious affiliation (total responses),Spiritualism and New Age Religions,"Subject pop: Census usually resident population count, Year: 2023, Measure: Count, Var1: Religious affiliation (Spiritualism and New Age Religions)"
2023 Census totals by topic for individuals by statistical area 2 (SA2) - part 1,VAR_1_411,VAR_1_411,Individual,Census usually resident population count,2023,Count,Religious affiliation (total responses),"Other Religions, Beliefs and Philosophies","Subject pop: Census usually resident population count, Year: 2023, Measure: Count, Var1: Religious affiliation (Other Religions, Beliefs and Philosophies)"
2023 Census totals by topic for individuals by statistical area 2 (SA2) - part 1,VAR_1_412,VAR_1_412,Individual,Census usually resident population count,2023,Count,Religious affiliation (total responses),Object to answering,"Subject pop: Census usually resident population count, Year: 2023, Measure: Count, Var1: Religious affiliation (Object to answering)"
2023 Census totals by topic for individuals by statistical area 2 (SA2) - part 1,VAR_1_413,VAR_1_413,Individual,Census usually resident population count,2023,Count,Religious affiliation (total responses),Residual Categories,"Subject pop: Census usually resident population count, Year: 2023, Measure: Count, Var1: Religious affiliation (Residual Categories)"
2023 Census totals by topic for individuals by statistical area 2 (SA2) - part 1,VAR_1_414,VAR_1_414,Individual,Census usually resident population count,2023,Count,Religious affiliation (total responses),Total,"Subject pop: Census usually resident population count, Year: 2023, Measure: Count, Var1: Religious affiliation (Total)"
2023 Census totals by topic for individuals by statistical area 2 (SA2) - part 1,VAR_1_415,VAR_1_415,Individual,Census usually resident population count,2023,Count,Religious affiliation (total responses),Total stated,"Subject pop: Census usually resident population count, Year: 2023, Measure: Count, Var1: Religious affiliation (Total stated)"
2023 Census totals by topic for individuals by statistical area 2 (SA2) - part 1,VAR_1_416,VAR_1_416,Individual,Census usually resident population count aged 15 years and over,2013,Count,Cigarette smoking behaviour,Regular smoker,"Subject pop: Census usually resident population count aged 15 years and over, Year: 2013, Measure: Count, Var1: Cigarette smoking behaviour (Regular smoker)"
2023 Census totals by topic for individuals by statistical area 2 (SA2) - part 1,VAR_1_417,VAR_1_417,Individual,Census usually resident population count aged 15 years and over,2013,Count,Cigarette smoking behaviour,Ex-smoker,"Subject pop: Census usually resident population count aged 15 years and over, Year: 2013, Measure: Count, Var1: Cigarette smoking behaviour (Ex-smoker)"
2023 Census totals by topic for individuals by statistical area 2 (SA2) - part 1,VAR_1_418,VAR_1_418,Individual,Census usually resident population count aged 15 years and over,2013,Count,Cigarette smoking behaviour,Never smoked regularly,"Subject pop: Census usually resident population count aged 15 years and over, Year: 2013, Measure: Count, Var1: Cigarette smoking behaviour (Never smoked regularly)"
2023 Census totals by topic for individuals by statistical area 2 (SA2) - part 1,VAR_1_419,VAR_1_419,Individual,Census usually resident population count aged 15 years and over,2013,Count,Cigarette smoking behaviour,Not elsewhere included,"Subject pop: Census usually resident population count aged 15 years and over, Year: 2013, Measure: Count, Var1: Cigarette smoking behaviour (Not elsewhere included)"
2023 Census totals by topic for individuals by statistical area 2 (SA2) - part 1,VAR_1_420,VAR_1_420,Individual,Census usually resident population count aged 15 years and over,2013,Count,Cigarette smoking behaviour,Total,"Subject pop: Census usually resident population count aged 15 years and over, Year: 2013, Measure: Count, Var1: Cigarette smoking behaviour (Total)"
2023 Census totals by topic for individuals by statistical area 2 (SA2) - part 1,VAR_1_421,VAR_1_421,Individual,Census usually resident population count aged 15 years and over,2013,Count,Cigarette smoking behaviour,Total stated,"Subject pop: Census usually resident population count aged 15 years and over, Year: 2013, Measure: Count, Var1: Cigarette smoking behaviour (Total stated)"
2023 Census totals by topic for individuals by statistical area 2 (SA2) - part 1,VAR_1_422,VAR_1_422,Individual,Census usually resident population count aged 15 years and over,2018,Count,Cigarette smoking behaviour,Regular smoker,"Subject pop: Census usually resident population count aged 15 years and over, Year: 2018, Measure: Count, Var1: Cigarette smoking behaviour (Regular smoker)"
2023 Census totals by topic for individuals by statistical area 2 (SA2) - part 1,VAR_1_423,VAR_1_423,Individual,Census usually resident population count aged 15 years and over,2018,Count,Cigarette smoking behaviour,Ex-smoker,"Subject pop: Census usually resident population count aged 15 years and over, Year: 2018, Measure: Count, Var1: Cigarette smoking behaviour (Ex-smoker)"
2023 Census totals by topic for individuals by statistical area 2 (SA2) - part 1,VAR_1_424,VAR_1_424,Individual,Census usually resident population count aged 15 years and over,2018,Count,Cigarette smoking behaviour,Never smoked regularly,"Subject pop: Census usually resident population count aged 15 years and over, Year: 2018, Measure: Count, Var1: Cigarette smoking behaviour (Never smoked regularly)"
2023 Census totals by topic for individuals by statistical area 2 (SA2) - part 1,VAR_1_425,VAR_1_425,Individual,Census usually resident population count aged 15 years and over,2018,Count,Cigarette smoking behaviour,Not elsewhere included,"Subject pop: Census usually resident population count aged 15 years and over, Year: 2018, Measure: Count, Var1: Cigarette smoking behaviour (Not elsewhere included)"
2023 Census totals by topic for individuals by statistical area 2 (SA2) - part 1,VAR_1_426,VAR_1_426,Individual,Census usually resident population count aged 15 years and over,2018,Count,Cigarette smoking behaviour,Total,"Subject pop: Census usually resident population count aged 15 years and over, Year: 2018, Measure: Count, Var1: Cigarette smoking behaviour (Total)"
2023 Census totals by topic for individuals by statistical area 2 (SA2) - part 1,VAR_1_427,VAR_1_427,Individual,Census usually resident population count aged 15 years and over,2018,Count,Cigarette smoking behaviour,Total stated,"Subject pop: Census usually resident population count aged 15 years and over, Year: 2018, Measure: Count, Var1: Cigarette smoking behaviour (Total stated)"
2023 Census totals by topic for individuals by statistical area 2 (SA2) - part 1,VAR_1_428,VAR_1_428,Individual,Census usually resident population count aged 15 years and over,2023,Count,Cigarette smoking behaviour,Regular smoker,"Subject pop: Census usually resident population count aged 15 years and over, Year: 2023, Measure: Count, Var1: Cigarette smoking behaviour (Regular smoker)"
2023 Census totals by topic for individuals by statistical area 2 (SA2) - part 1,VAR_1_429,VAR_1_429,Individual,Census usually resident population count aged 15 years and over,2023,Count,Cigarette smoking behaviour,Ex-smoker,"Subject pop: Census usually resident population count aged 15 years and over, Year: 2023, Measure: Count, Var1: Cigarette smoking behaviour (Ex-smoker)"
2023 Census totals by topic for individuals by statistical area 2 (SA2) - part 1,VAR_1_430,VAR_1_430,Individual,Census usually resident population count aged 15 years and over,2023,Count,Cigarette smoking behaviour,Never smoked regularly,"Subject pop: Census usually resident population count aged 15 years and over, Year: 2023, Measure: Count, Var1: Cigarette smoking behaviour (Never smoked regularly)"
2023 Census totals by topic for individuals by statistical area 2 (SA2) - part 1,VAR_1_431,VAR_1_431,Individual,Census usually resident population count aged 15 years and over,2023,Count,Cigarette smoking behaviour,Not elsewhere included,"Subject pop: Census usually resident population count aged 15 years and over, Year: 2023, Measure: Count, Var1: Cigarette smoking behaviour (Not elsewhere included)"
2023 Census totals by topic for individuals by statistical area 2 (SA2) - part 1,VAR_1_432,VAR_1_432,Individual,Census usually resident population count aged 15 years and over,2023,Count,Cigarette smoking behaviour,Total,"Subject pop: Census usually resident population count aged 15 years and over, Year: 2023, Measure: Count, Var1: Cigarette smoking behaviour (Total)"
2023 Census totals by topic for individuals by statistical area 2 (SA2) - part 1,VAR_1_433,VAR_1_433,Individual,Census usually resident population count aged 15 years and over,2023,Count,Cigarette smoking behaviour,Total stated,"Subject pop: Census usually resident population count aged 15 years and over, Year: 2023, Measure: Count, Var1: Cigarette smoking behaviour (Total stated)"
2023 Census totals by topic for individuals by statistical area 2 (SA2) - part 1,VAR_1_434,VAR_1_434,Individual,Census usually resident population count aged 5 years and over,2018,Count,Disability indicator,Not disabled,"Subject pop: Census usually resident population count aged 5 years and over, Year: 2018, Measure: Count, Var1: Disability indicator (Not disabled)"
2023 Census totals by topic for individuals by statistical area 2 (SA2) - part 1,VAR_1_435,VAR_1_435,Individual,Census usually resident population count aged 5 years and over,2018,Count,Disability indicator,Disabled,"Subject pop: Census usually resident population count aged 5 years and over, Year: 2018, Measure: Count, Var1: Disability indicator (Disabled)"
2023 Census totals by topic for individuals by statistical area 2 (SA2) - part 1,VAR_1_436,VAR_1_436,Individual,Census usually resident population count aged 5 years and over,2018,Count,Disability indicator,Not elsewhere included,"Subject pop: Census usually resident population count aged 5 years and over, Year: 2018, Measure: Count, Var1: Disability indicator (Not elsewhere included)"
2023 Census totals by topic for individuals by statistical area 2 (SA2) - part 1,VAR_1_437,VAR_1_437,Individual,Census usually resident population count aged 5 years and over,2018,Count,Disability indicator,Total,"Subject pop: Census usually resident population count aged 5 years and over, Year: 2018, Measure: Count, Var1: Disability indicator (Total)"
2023 Census totals by topic for individuals by statistical area 2 (SA2) - part 1,VAR_1_438,VAR_1_438,Individual,Census usually resident population count aged 5 years and over,2018,Count,Disability indicator,Total stated,"Subject pop: Census usually resident population count aged 5 years and over, Year: 2018, Measure: Count, Var1: Disability indicator (Total stated)"
2023 Census totals by topic for individuals by statistical area 2 (SA2) - part 1,VAR_1_439,VAR_1_439,Individual,Census usually resident population count aged 5 years and over,2023,Count,Disability indicator,Not disabled,"Subject pop: Census usually resident population count aged 5 years and over, Year: 2023, Measure: Count, Var1: Disability indicator (Not disabled)"
2023 Census totals by topic for individuals by statistical area 2 (SA2) - part 1,VAR_1_440,VAR_1_440,Individual,Census usually resident population count aged 5 years and over,2023,Count,Disability indicator,Disabled,"Subject pop: Census usually resident population count aged 5 years and over, Year: 2023, Measure: Count, Var1: Disability indicator (Disabled)"
2023 Census totals by topic for individuals by statistical area 2 (SA2) - part 1,VAR_1_441,VAR_1_441,Individual,Census usually resident population count aged 5 years and over,2023,Count,Disability indicator,Not elsewhere included,"Subject pop: Census usually resident population count aged 5 years and over, Year: 2023, Measure: Count, Var1: Disability indicator (Not elsewhere included)"
2023 Census totals by topic for individuals by statistical area 2 (SA2) - part 1,VAR_1_442,VAR_1_442,Individual,Census usually resident population count aged 5 years and over,2023,Count,Disability indicator,Total,"Subject pop: Census usually resident population count aged 5 years and over, Year: 2023, Measure: Count, Var1: Disability indicator (Total)"
2023 Census totals by topic for individuals by statistical area 2 (SA2) - part 1,VAR_1_443,VAR_1_443,Individual,Census usually resident population count aged 5 years and over,2023,Count,Disability indicator,Total stated,"Subject pop: Census usually resident population count aged 5 years and over, Year: 2023, Measure: Count, Var1: Disability indicator (Total stated)"
2023 Census totals by topic for individuals by statistical area 2 (SA2) - part 1,VAR_1_444,VAR_1_444,Individual,Census usually resident population count aged 5 years and over,2018,Count,Difficulty communicating,No difficulty,"Subject pop: Census usually resident population count aged 5 years and over, Year: 2018, Measure: Count, Var1: Difficulty communicating (No difficulty)"
2023 Census totals by topic for individuals by statistical area 2 (SA2) - part 1,VAR_1_445,VAR_1_445,Individual,Census usually resident population count aged 5 years and over,2018,Count,Difficulty communicating,Some difficulty,"Subject pop: Census usually resident population count aged 5 years and over, Year: 2018, Measure: Count, Var1: Difficulty communicating (Some difficulty)"
2023 Census totals by topic for individuals by statistical area 2 (SA2) - part 1,VAR_1_446,VAR_1_446,Individual,Census usually resident population count aged 5 years and over,2018,Count,Difficulty communicating,A lot of difficulty,"Subject pop: Census usually resident population count aged 5 years and over, Year: 2018, Measure: Count, Var1: Difficulty communicating (A lot of difficulty)"
2023 Census totals by topic for individuals by statistical area 2 (SA2) - part 1,VAR_1_447,VAR_1_447,Individual,Census usually resident population count aged 5 years and over,2018,Count,Difficulty communicating,Cannot do at all,"Subject pop: Census usually resident population count aged 5 years and over, Year: 2018, Measure: Count, Var1: Difficulty communicating (Cannot do at all)"
2023 Census totals by topic for individuals by statistical area 2 (SA2) - part 1,VAR_1_448,VAR_1_448,Individual,Census usually resident population count aged 5 years and over,2018,Count,Difficulty communicating,Not elsewhere included,"Subject pop: Census usually resident population count aged 5 years and over, Year: 2018, Measure: Count, Var1: Difficulty communicating (Not elsewhere included)"
2023 Census totals by topic for individuals by statistical area 2 (SA2) - part 1,VAR_1_449,VAR_1_449,Individual,Census usually resident population count aged 5 years and over,2018,Count,Difficulty communicating,Total,"Subject pop: Census usually resident population count aged 5 years and over, Year: 2018, Measure: Count, Var1: Difficulty communicating (Total)"
2023 Census totals by topic for individuals by statistical area 2 (SA2) - part 1,VAR_1_450,VAR_1_450,Individual,Census usually resident population count aged 5 years and over,2018,Count,Difficulty communicating,Total stated,"Subject pop: Census usually resident population count aged 5 years and over, Year: 2018, Measure: Count, Var1: Difficulty communicating (Total stated)"
2023 Census totals by topic for individuals by statistical area 2 (SA2) - part 1,VAR_1_451,VAR_1_451,Individual,Census usually resident population count aged 5 years and over,2023,Count,Difficulty communicating,No difficulty,"Subject pop: Census usually resident population count aged 5 years and over, Year: 2023, Measure: Count, Var1: Difficulty communicating (No difficulty)"
2023 Census totals by topic for individuals by statistical area 2 (SA2) - part 1,VAR_1_452,VAR_1_452,Individual,Census usually resident population count aged 5 years and over,2023,Count,Difficulty communicating,Some difficulty,"Subject pop: Census usually resident population count aged 5 years and over, Year: 2023, Measure: Count, Var1: Difficulty communicating (Some difficulty)"
2023 Census totals by topic for individuals by statistical area 2 (SA2) - part 1,VAR_1_453,VAR_1_453,Individual,Census usually resident population count aged 5 years and over,2023,Count,Difficulty communicating,A lot of difficulty,"Subject pop: Census usually resident population count aged 5 years and over, Year: 2023, Measure: Count, Var1: Difficulty communicating (A lot of difficulty)"
2023 Census totals by topic for individuals by statistical area 2 (SA2) - part 1,VAR_1_454,VAR_1_454,Individual,Census usually resident population count aged 5 years and over,2023,Count,Difficulty communicating,Cannot do at all,"Subject pop: Census usually resident population count aged 5 years and over, Year: 2023, Measure: Count, Var1: Difficulty communicating (Cannot do at all)"
2023 Census totals by topic for individuals by statistical area 2 (SA2) - part 1,VAR_1_455,VAR_1_455,Individual,Census usually resident population count aged 5 years and over,2023,Count,Difficulty communicating,Not elsewhere included,"Subject pop: Census usually resident population count aged 5 years and over, Year: 2023, Measure: Count, Var1: Difficulty communicating (Not elsewhere included)"
2023 Census totals by topic for individuals by statistical area 2 (SA2) - part 1,VAR_1_456,VAR_1_456,Individual,Census usually resident population count aged 5 years and over,2023,Count,Difficulty communicating,Total,"Subject pop: Census usually resident population count aged 5 years and over, Year: 2023, Measure: Count, Var1: Difficulty communicating (Total)"
2023 Census totals by topic for individuals by statistical area 2 (SA2) - part 1,VAR_1_457,VAR_1_457,Individual,Census usually resident population count aged 5 years and over,2023,Count,Difficulty communicating,Total stated,"Subject pop: Census usually resident population count aged 5 years and over, Year: 2023, Measure: Count, Var1: Difficulty communicating (Total stated)"
2023 Census totals by topic for individuals by statistical area 2 (SA2) - part 1,VAR_1_458,VAR_1_458,Individual,Census usually resident population count aged 5 years and over,2018,Count,Difficulty hearing,No difficulty,"Subject pop: Census usually resident population count aged 5 years and over, Year: 2018, Measure: Count, Var1: Difficulty hearing (No difficulty)"
2023 Census totals by topic for individuals by statistical area 2 (SA2) - part 1,VAR_1_459,VAR_1_459,Individual,Census usually resident population count aged 5 years and over,2018,Count,Difficulty hearing,Some difficulty,"Subject pop: Census usually resident population count aged 5 years and over, Year: 2018, Measure: Count, Var1: Difficulty hearing (Some difficulty)"
2023 Census totals by topic for individuals by statistical area 2 (SA2) - part 1,VAR_1_460,VAR_1_460,Individual,Census usually resident population count aged 5 years and over,2018,Count,Difficulty hearing,A lot of difficulty,"Subject pop: Census usually resident population count aged 5 years and over, Year: 2018, Measure: Count, Var1: Difficulty hearing (A lot of difficulty)"
2023 Census totals by topic for individuals by statistical area 2 (SA2) - part 1,VAR_1_461,VAR_1_461,Individual,Census usually resident population count aged 5 years and over,2018,Count,Difficulty hearing,Cannot do at all,"Subject pop: Census usually resident population count aged 5 years and over, Year: 2018, Measure: Count, Var1: Difficulty hearing (Cannot do at all)"
2023 Census totals by topic for individuals by statistical area 2 (SA2) - part 1,VAR_1_462,VAR_1_462,Individual,Census usually resident population count aged 5 years and over,2018,Count,Difficulty hearing,Not elsewhere included,"Subject pop: Census usually resident population count aged 5 years and over, Year: 2018, Measure: Count, Var1: Difficulty hearing (Not elsewhere included)"
2023 Census totals by topic for individuals by statistical area 2 (SA2) - part 1,VAR_1_463,VAR_1_463,Individual,Census usually resident population count aged 5 years and over,2018,Count,Difficulty hearing,Total,"Subject pop: Census usually resident population count aged 5 years and over, Year: 2018, Measure: Count, Var1: Difficulty hearing (Total)"
2023 Census totals by topic for individuals by statistical area 2 (SA2) - part 1,VAR_1_464,VAR_1_464,Individual,Census usually resident population count aged 5 years and over,2018,Count,Difficulty hearing,Total stated,"Subject pop: Census usually resident population count aged 5 years and over, Year: 2018, Measure: Count, Var1: Difficulty hearing (Total stated)"
2023 Census totals by topic for individuals by statistical area 2 (SA2) - part 1,VAR_1_465,VAR_1_465,Individual,Census usually resident population count aged 5 years and over,2023,Count,Difficulty hearing,No difficulty,"Subject pop: Census usually resident population count aged 5 years and over, Year: 2023, Measure: Count, Var1: Difficulty hearing (No difficulty)"
2023 Census totals by topic for individuals by statistical area 2 (SA2) - part 1,VAR_1_466,VAR_1_466,Individual,Census usually resident population count aged 5 years and over,2023,Count,Difficulty hearing,Some difficulty,"Subject pop: Census usually resident population count aged 5 years and over, Year: 2023, Measure: Count, Var1: Difficulty hearing (Some difficulty)"
2023 Census totals by topic for individuals by statistical area 2 (SA2) - part 1,VAR_1_467,VAR_1_467,Individual,Census usually resident population count aged 5 years and over,2023,Count,Difficulty hearing,A lot of difficulty,"Subject pop: Census usually resident population count aged 5 years and over, Year: 2023, Measure: Count, Var1: Difficulty hearing (A lot of difficulty)"
2023 Census totals by topic for individuals by statistical area 2 (SA2) - part 1,VAR_1_468,VAR_1_468,Individual,Census usually resident population count aged 5 years and over,2023,Count,Difficulty hearing,Cannot do at all,"Subject pop: Census usually resident population count aged 5 years and over, Year: 2023, Measure: Count, Var1: Difficulty hearing (Cannot do at all)"
2023 Census totals by topic for individuals by statistical area 2 (SA2) - part 1,VAR_1_469,VAR_1_469,Individual,Census usually resident population count aged 5 years and over,2023,Count,Difficulty hearing,Not elsewhere included,"Subject pop: Census usually resident population count aged 5 years and over, Year: 2023, Measure: Count, Var1: Difficulty hearing (Not elsewhere included)"
2023 Census totals by topic for individuals by statistical area 2 (SA2) - part 1,VAR_1_470,VAR_1_470,Individual,Census usually resident population count aged 5 years and over,2023,Count,Difficulty hearing,Total,"Subject pop: Census usually resident population count aged 5 years and over, Year: 2023, Measure: Count, Var1: Difficulty hearing (Total)"
2023 Census totals by topic for individuals by statistical area 2 (SA2) - part 1,VAR_1_471,VAR_1_471,Individual,Census usually resident population count aged 5 years and over,2023,Count,Difficulty hearing,Total stated,"Subject pop: Census usually resident population count aged 5 years and over, Year: 2023, Measure: Count, Var1: Difficulty hearing (Total stated)"
2023 Census totals by topic for individuals by statistical area 2 (SA2) - part 1,VAR_1_472,VAR_1_472,Individual,Census usually resident population count aged 5 years and over,2018,Count,Difficulty remembering or concentrating,No difficulty,"Subject pop: Census usually resident population count aged 5 years and over, Year: 2018, Measure: Count, Var1: Difficulty remembering or concentrating (No difficulty)"
2023 Census totals by topic for individuals by statistical area 2 (SA2) - part 1,VAR_1_473,VAR_1_473,Individual,Census usually resident population count aged 5 years and over,2018,Count,Difficulty remembering or concentrating,Some difficulty,"Subject pop: Census usually resident population count aged 5 years and over, Year: 2018, Measure: Count, Var1: Difficulty remembering or concentrating (Some difficulty)"
2023 Census totals by topic for individuals by statistical area 2 (SA2) - part 1,VAR_1_474,VAR_1_474,Individual,Census usually resident population count aged 5 years and over,2018,Count,Difficulty remembering or concentrating,A lot of difficulty,"Subject pop: Census usually resident population count aged 5 years and over, Year: 2018, Measure: Count, Var1: Difficulty remembering or concentrating (A lot of difficulty)"
2023 Census totals by topic for individuals by statistical area 2 (SA2) - part 1,VAR_1_475,VAR_1_475,Individual,Census usually resident population count aged 5 years and over,2018,Count,Difficulty remembering or concentrating,Cannot do at all,"Subject pop: Census usually resident population count aged 5 years and over, Year: 2018, Measure: Count, Var1: Difficulty remembering or concentrating (Cannot do at all)"
2023 Census totals by topic for individuals by statistical area 2 (SA2) - part 1,VAR_1_476,VAR_1_476,Individual,Census usually resident population count aged 5 years and over,2018,Count,Difficulty remembering or concentrating,Not elsewhere included,"Subject pop: Census usually resident population count aged 5 years and over, Year: 2018, Measure: Count, Var1: Difficulty remembering or concentrating (Not elsewhere included)"
2023 Census totals by topic for individuals by statistical area 2 (SA2) - part 1,VAR_1_477,VAR_1_477,Individual,Census usually resident population count aged 5 years and over,2018,Count,Difficulty remembering or concentrating,Total,"Subject pop: Census usually resident population count aged 5 years and over, Year: 2018, Measure: Count, Var1: Difficulty remembering or concentrating (Total)"
2023 Census totals by topic for individuals by statistical area 2 (SA2) - part 1,VAR_1_478,VAR_1_478,Individual,Census usually resident population count aged 5 years and over,2018,Count,Difficulty remembering or concentrating,Total stated,"Subject pop: Census usually resident population count aged 5 years and over, Year: 2018, Measure: Count, Var1: Difficulty remembering or concentrating (Total stated)"
2023 Census totals by topic for individuals by statistical area 2 (SA2) - part 1,VAR_1_479,VAR_1_479,Individual,Census usually resident population count aged 5 years and over,2023,Count,Difficulty remembering or concentrating,No difficulty,"Subject pop: Census usually resident population count aged 5 years and over, Year: 2023, Measure: Count, Var1: Difficulty remembering or concentrating (No difficulty)"
2023 Census totals by topic for individuals by statistical area 2 (SA2) - part 1,VAR_1_480,VAR_1_480,Individual,Census usually resident population count aged 5 years and over,2023,Count,Difficulty remembering or concentrating,Some difficulty,"Subject pop: Census usually resident population count aged 5 years and over, Year: 2023, Measure: Count, Var1: Difficulty remembering or concentrating (Some difficulty)"
2023 Census totals by topic for individuals by statistical area 2 (SA2) - part 1,VAR_1_481,VAR_1_481,Individual,Census usually resident population count aged 5 years and over,2023,Count,Difficulty remembering or concentrating,A lot of difficulty,"Subject pop: Census usually resident population count aged 5 years and over, Year: 2023, Measure: Count, Var1: Difficulty remembering or concentrating (A lot of difficulty)"
2023 Census totals by topic for individuals by statistical area 2 (SA2) - part 1,VAR_1_482,VAR_1_482,Individual,Census usually resident population count aged 5 years and over,2023,Count,Difficulty remembering or concentrating,Cannot do at all,"Subject pop: Census usually resident population count aged 5 years and over, Year: 2023, Measure: Count, Var1: Difficulty remembering or concentrating (Cannot do at all)"
2023 Census totals by topic for individuals by statistical area 2 (SA2) - part 1,VAR_1_483,VAR_1_483,Individual,Census usually resident population count aged 5 years and over,2023,Count,Difficulty remembering or concentrating,Not elsewhere included,"Subject pop: Census usually resident population count aged 5 years and over, Year: 2023, Measure: Count, Var1: Difficulty remembering or concentrating (Not elsewhere included)"
2023 Census totals by topic for individuals by statistical area 2 (SA2) - part 1,VAR_1_484,VAR_1_484,Individual,Census usually resident population count aged 5 years and over,2023,Count,Difficulty remembering or concentrating,Total,"Subject pop: Census usually resident population count aged 5 years and over, Year: 2023, Measure: Count, Var1: Difficulty remembering or concentrating (Total)"
2023 Census totals by topic for individuals by statistical area 2 (SA2) - part 1,VAR_1_485,VAR_1_485,Individual,Census usually resident population count aged 5 years and over,2023,Count,Difficulty remembering or concentrating,Total stated,"Subject pop: Census usually resident population count aged 5 years and over, Year: 2023, Measure: Count, Var1: Difficulty remembering or concentrating (Total stated)"
2023 Census totals by topic for individuals by statistical area 2 (SA2) - part 1,VAR_1_486,VAR_1_486,Individual,Census usually resident population count aged 5 years and over,2018,Count,Difficulty seeing,No difficulty,"Subject pop: Census usually resident population count aged 5 years and over, Year: 2018, Measure: Count, Var1: Difficulty seeing (No difficulty)"
2023 Census totals by topic for individuals by statistical area 2 (SA2) - part 1,VAR_1_487,VAR_1_487,Individual,Census usually resident population count aged 5 years and over,2018,Count,Difficulty seeing,Some difficulty,"Subject pop: Census usually resident population count aged 5 years and over, Year: 2018, Measure: Count, Var1: Difficulty seeing (Some difficulty)"
2023 Census totals by topic for individuals by statistical area 2 (SA2) - part 1,VAR_1_488,VAR_1_488,Individual,Census usually resident population count aged 5 years and over,2018,Count,Difficulty seeing,A lot of difficulty,"Subject pop: Census usually resident population count aged 5 years and over, Year: 2018, Measure: Count, Var1: Difficulty seeing (A lot of difficulty)"
2023 Census totals by topic for individuals by statistical area 2 (SA2) - part 1,VAR_1_489,VAR_1_489,Individual,Census usually resident population count aged 5 years and over,2018,Count,Difficulty seeing,Cannot do at all,"Subject pop: Census usually resident population count aged 5 years and over, Year: 2018, Measure: Count, Var1: Difficulty seeing (Cannot do at all)"
2023 Census totals by topic for individuals by statistical area 2 (SA2) - part 1,VAR_1_490,VAR_1_490,Individual,Census usually resident population count aged 5 years and over,2018,Count,Difficulty seeing,Not elsewhere included,"Subject pop: Census usually resident population count aged 5 years and over, Year: 2018, Measure: Count, Var1: Difficulty seeing (Not elsewhere included)"
2023 Census totals by topic for individuals by statistical area 2 (SA2) - part 1,VAR_1_491,VAR_1_491,Individual,Census usually resident population count aged 5 years and over,2018,Count,Difficulty seeing,Total,"Subject pop: Census usually resident population count aged 5 years and over, Year: 2018, Measure: Count, Var1: Difficulty seeing (Total)"
2023 Census totals by topic for individuals by statistical area 2 (SA2) - part 1,VAR_1_492,VAR_1_492,Individual,Census usually resident population count aged 5 years and over,2018,Count,Difficulty seeing,Total stated,"Subject pop: Census usually resident population count aged 5 years and over, Year: 2018, Measure: Count, Var1: Difficulty seeing (Total stated)"
2023 Census totals by topic for individuals by statistical area 2 (SA2) - part 1,VAR_1_493,VAR_1_493,Individual,Census usually resident population count aged 5 years and over,2023,Count,Difficulty seeing,No difficulty,"Subject pop: Census usually resident population count aged 5 years and over, Year: 2023, Measure: Count, Var1: Difficulty seeing (No difficulty)"
2023 Census totals by topic for individuals by statistical area 2 (SA2) - part 1,VAR_1_494,VAR_1_494,Individual,Census usually resident population count aged 5 years and over,2023,Count,Difficulty seeing,Some difficulty,"Subject pop: Census usually resident population count aged 5 years and over, Year: 2023, Measure: Count, Var1: Difficulty seeing (Some difficulty)"
2023 Census totals by topic for individuals by statistical area 2 (SA2) - part 1,VAR_1_495,VAR_1_495,Individual,Census usually resident population count aged 5 years and over,2023,Count,Difficulty seeing,A lot of difficulty,"Subject pop: Census usually resident population count aged 5 years and over, Year: 2023, Measure: Count, Var1: Difficulty seeing (A lot of difficulty)"
2023 Census totals by topic for individuals by statistical area 2 (SA2) - part 1,VAR_1_496,VAR_1_496,Individual,Census usually resident population count aged 5 years and over,2023,Count,Difficulty seeing,Cannot do at all,"Subject pop: Census usually resident population count aged 5 years and over, Year: 2023, Measure: Count, Var1: Difficulty seeing (Cannot do at all)"
2023 Census totals by topic for individuals by statistical area 2 (SA2) - part 1,VAR_1_497,VAR_1_497,Individual,Census usually resident population count aged 5 years and over,2023,Count,Difficulty seeing,Not elsewhere included,"Subject pop: Census usually resident population count aged 5 years and over, Year: 2023, Measure: Count, Var1: Difficulty seeing (Not elsewhere included)"
2023 Census totals by topic for individuals by statistical area 2 (SA2) - part 1,VAR_1_498,VAR_1_498,Individual,Census usually resident population count aged 5 years and over,2023,Count,Difficulty seeing,Total,"Subject pop: Census usually resident population count aged 5 years and over, Year: 2023, Measure: Count, Var1: Difficulty seeing (Total)"
2023 Census totals by topic for individuals by statistical area 2 (SA2) - part 1,VAR_1_499,VAR_1_499,Individual,Census usually resident population count aged 5 years and over,2023,Count,Difficulty seeing,Total stated,"Subject pop: Census usually resident population count aged 5 years and over, Year: 2023, Measure: Count, Var1: Difficulty seeing (Total stated)"
2023 Census totals by topic for individuals by statistical area 2 (SA2) - part 1,VAR_1_500,VAR_1_500,Individual,Census usually resident population count aged 5 years and over,2018,Count,Difficulty walking,No difficulty,"Subject pop: Census usually resident population count aged 5 years and over, Year: 2018, Measure: Count, Var1: Difficulty walking (No difficulty)"
2023 Census totals by topic for individuals by statistical area 2 (SA2) - part 1,VAR_1_501,VAR_1_501,Individual,Census usually resident population count aged 5 years and over,2018,Count,Difficulty walking,Some difficulty,"Subject pop: Census usually resident population count aged 5 years and over, Year: 2018, Measure: Count, Var1: Difficulty walking (Some difficulty)"
2023 Census totals by topic for individuals by statistical area 2 (SA2) - part 1,VAR_1_502,VAR_1_502,Individual,Census usually resident population count aged 5 years and over,2018,Count,Difficulty walking,A lot of difficulty,"Subject pop: Census usually resident population count aged 5 years and over, Year: 2018, Measure: Count, Var1: Difficulty walking (A lot of difficulty)"
2023 Census totals by topic for individuals by statistical area 2 (SA2) - part 1,VAR_1_503,VAR_1_503,Individual,Census usually resident population count aged 5 years and over,2018,Count,Difficulty walking,Cannot do at all,"Subject pop: Census usually resident population count aged 5 years and over, Year: 2018, Measure: Count, Var1: Difficulty walking (Cannot do at all)"
2023 Census totals by topic for individuals by statistical area 2 (SA2) - part 1,VAR_1_504,VAR_1_504,Individual,Census usually resident population count aged 5 years and over,2018,Count,Difficulty walking,Not elsewhere included,"Subject pop: Census usually resident population count aged 5 years and over, Year: 2018, Measure: Count, Var1: Difficulty walking (Not elsewhere included)"
2023 Census totals by topic for individuals by statistical area 2 (SA2) - part 1,VAR_1_505,VAR_1_505,Individual,Census usually resident population count aged 5 years and over,2018,Count,Difficulty walking,Total,"Subject pop: Census usually resident population count aged 5 years and over, Year: 2018, Measure: Count, Var1: Difficulty walking (Total)"
2023 Census totals by topic for individuals by statistical area 2 (SA2) - part 1,VAR_1_506,VAR_1_506,Individual,Census usually resident population count aged 5 years and over,2018,Count,Difficulty walking,Total stated,"Subject pop: Census usually resident population count aged 5 years and over, Year: 2018, Measure: Count, Var1: Difficulty walking (Total stated)"
2023 Census totals by topic for individuals by statistical area 2 (SA2) - part 1,VAR_1_507,VAR_1_507,Individual,Census usually resident population count aged 5 years and over,2023,Count,Difficulty walking,No difficulty,"Subject pop: Census usually resident population count aged 5 years and over, Year: 2023, Measure: Count, Var1: Difficulty walking (No difficulty)"
2023 Census totals by topic for individuals by statistical area 2 (SA2) - part 1,VAR_1_508,VAR_1_508,Individual,Census usually resident population count aged 5 years and over,2023,Count,Difficulty walking,Some difficulty,"Subject pop: Census usually resident population count aged 5 years and over, Year: 2023, Measure: Count, Var1: Difficulty walking (Some difficulty)"
2023 Census totals by topic for individuals by statistical area 2 (SA2) - part 1,VAR_1_509,VAR_1_509,Individual,Census usually resident population count aged 5 years and over,2023,Count,Difficulty walking,A lot of difficulty,"Subject pop: Census usually resident population count aged 5 years and over, Year: 2023, Measure: Count, Var1: Difficulty walking (A lot of difficulty)"
2023 Census totals by topic for individuals by statistical area 2 (SA2) - part 1,VAR_1_510,VAR_1_510,Individual,Census usually resident population count aged 5 years and over,2023,Count,Difficulty walking,Cannot do at all,"Subject pop: Census usually resident population count aged 5 years and over, Year: 2023, Measure: Count, Var1: Difficulty walking (Cannot do at all)"
2023 Census totals by topic for individuals by statistical area 2 (SA2) - part 1,VAR_1_511,VAR_1_511,Individual,Census usually resident population count aged 5 years and over,2023,Count,Difficulty walking,Not elsewhere included,"Subject pop: Census usually resident population count aged 5 years and over, Year: 2023, Measure: Count, Var1: Difficulty walking (Not elsewhere included)"
2023 Census totals by topic for individuals by statistical area 2 (SA2) - part 1,VAR_1_512,VAR_1_512,Individual,Census usually resident population count aged 5 years and over,2023,Count,Difficulty walking,Total,"Subject pop: Census usually resident population count aged 5 years and over, Year: 2023, Measure: Count, Var1: Difficulty walking (Total)"
2023 Census totals by topic for individuals by statistical area 2 (SA2) - part 1,VAR_1_513,VAR_1_513,Individual,Census usually resident population count aged 5 years and over,2023,Count,Difficulty walking,Total stated,"Subject pop: Census usually resident population count aged 5 years and over, Year: 2023, Measure: Count, Var1: Difficulty walking (Total stated)"
2023 Census totals by topic for individuals by statistical area 2 (SA2) - part 1,VAR_1_514,VAR_1_514,Individual,Census usually resident population count aged 5 years and over,2018,Count,Difficulty washing,No difficulty,"Subject pop: Census usually resident population count aged 5 years and over, Year: 2018, Measure: Count, Var1: Difficulty washing (No difficulty)"
2023 Census totals by topic for individuals by statistical area 2 (SA2) - part 1,VAR_1_515,VAR_1_515,Individual,Census usually resident population count aged 5 years and over,2018,Count,Difficulty washing,Some difficulty,"Subject pop: Census usually resident population count aged 5 years and over, Year: 2018, Measure: Count, Var1: Difficulty washing (Some difficulty)"
2023 Census totals by topic for individuals by statistical area 2 (SA2) - part 1,VAR_1_516,VAR_1_516,Individual,Census usually resident population count aged 5 years and over,2018,Count,Difficulty washing,A lot of difficulty,"Subject pop: Census usually resident population count aged 5 years and over, Year: 2018, Measure: Count, Var1: Difficulty washing (A lot of difficulty)"
2023 Census totals by topic for individuals by statistical area 2 (SA2) - part 1,VAR_1_517,VAR_1_517,Individual,Census usually resident population count aged 5 years and over,2018,Count,Difficulty washing,Cannot do at all,"Subject pop: Census usually resident population count aged 5 years and over, Year: 2018, Measure: Count, Var1: Difficulty washing (Cannot do at all)"
2023 Census totals by topic for individuals by statistical area 2 (SA2) - part 1,VAR_1_518,VAR_1_518,Individual,Census usually resident population count aged 5 years and over,2018,Count,Difficulty washing,Not elsewhere included,"Subject pop: Census usually resident population count aged 5 years and over, Year: 2018, Measure: Count, Var1: Difficulty washing (Not elsewhere included)"
2023 Census totals by topic for individuals by statistical area 2 (SA2) - part 1,VAR_1_519,VAR_1_519,Individual,Census usually resident population count aged 5 years and over,2018,Count,Difficulty washing,Total,"Subject pop: Census usually resident population count aged 5 years and over, Year: 2018, Measure: Count, Var1: Difficulty washing (Total)"
2023 Census totals by topic for individuals by statistical area 2 (SA2) - part 1,VAR_1_520,VAR_1_520,Individual,Census usually resident population count aged 5 years and over,2018,Count,Difficulty washing,Total stated,"Subject pop: Census usually resident population count aged 5 years and over, Year: 2018, Measure: Count, Var1: Difficulty washing (Total stated)"
2023 Census totals by topic for individuals by statistical area 2 (SA2) - part 1,VAR_1_521,VAR_1_521,Individual,Census usually resident population count aged 5 years and over,2023,Count,Difficulty washing,No difficulty,"Subject pop: Census usually resident population count aged 5 years and over, Year: 2023, Measure: Count, Var1: Difficulty washing (No difficulty)"
2023 Census totals by topic for individuals by statistical area 2 (SA2) - part 1,VAR_1_522,VAR_1_522,Individual,Census usually resident population count aged 5 years and over,2023,Count,Difficulty washing,Some difficulty,"Subject pop: Census usually resident population count aged 5 years and over, Year: 2023, Measure: Count, Var1: Difficulty washing (Some difficulty)"
2023 Census totals by topic for individuals by statistical area 2 (SA2) - part 1,VAR_1_523,VAR_1_523,Individual,Census usually resident population count aged 5 years and over,2023,Count,Difficulty washing,A lot of difficulty,"Subject pop: Census usually resident population count aged 5 years and over, Year: 2023, Measure: Count, Var1: Difficulty washing (A lot of difficulty)"
2023 Census totals by topic for individuals by statistical area 2 (SA2) - part 1,VAR_1_524,VAR_1_524,Individual,Census usually resident population count aged 5 years and over,2023,Count,Difficulty washing,Cannot do at all,"Subject pop: Census usually resident population count aged 5 years and over, Year: 2023, Measure: Count, Var1: Difficulty washing (Cannot do at all)"
2023 Census totals by topic for individuals by statistical area 2 (SA2) - part 1,VAR_1_525,VAR_1_525,Individual,Census usually resident population count aged 5 years and over,2023,Count,Difficulty washing,Not elsewhere included,"Subject pop: Census usually resident population count aged 5 years and over, Year: 2023, Measure: Count, Var1: Difficulty washing (Not elsewhere included)"
2023 Census totals by topic for individuals by statistical area 2 (SA2) - part 1,VAR_1_526,VAR_1_526,Individual,Census usually resident population count aged 5 years and over,2023,Count,Difficulty washing,Total,"Subject pop: Census usually resident population count aged 5 years and over, Year: 2023, Measure: Count, Var1: Difficulty washing (Total)"
2023 Census totals by topic for individuals by statistical area 2 (SA2) - part 1,VAR_1_527,VAR_1_527,Individual,Census usually resident population count aged 5 years and over,2023,Count,Difficulty washing,Total stated,"Subject pop: Census usually resident population count aged 5 years and over, Year: 2023, Measure: Count, Var1: Difficulty washing (Total stated)"
2023 Census totals by topic for individuals by statistical area 2 (SA2) - part 1,AREA_SQ_KM,AREA_SQ_KM,,,,,,,Area square kilometres
2023 Census totals by topic for individuals by statistical area 2 (SA2) - part 1,LAND_AREA_SQ_KM,LAND_AREA_SQ_KM,,,,,,,Land area square kilometres
